branch_id,branch_name,city,landlord,yearly_rent,agreement_start,expiry_date,duration_years,file_path
1,Branch-1,Peshawar,Derek Benitez,2120214,2021-04-03,2023-04-03,2,data/rentals/rental_agreement_1.pdf
2,Branch-2,Peshawar,Roger Olson,4476490,2021-08-09,2024-08-08,3,data/rentals/rental_agreement_2.pdf
3,Branch-3,Karachi,Jessica Glover,1129812,2021-03-28,2026-03-27,5,data/rentals/rental_agreement_3.pdf
4,Branch-4,Faisalabad,Derek Roth,1027076,2024-11-22,2025-11-22,1,data/rentals/rental_agreement_4.pdf
5,Branch-5,Lahore,James Ross,1952650,2021-01-09,2023-01-09,2,data/rentals/rental_agreement_5.pdf
6,Branch-6,Quetta,Brandi Summers,797789,2021-09-16,2025-09-15,4,data/rentals/rental_agreement_6.pdf
7,Branch-7,Faisalabad,Richard Smith,611112,2022-06-07,2025-06-06,3,data/rentals/rental_agreement_7.pdf
8,Branch-8,Islamabad,Tracy Gray,4752331,2024-01-27,2027-01-26,3,data/rentals/rental_agreement_8.pdf
9,Branch-9,Islamabad,Denise Vega,3210118,2024-06-22,2025-06-22,1,data/rentals/rental_agreement_9.pdf
10,Branch-10,Lahore,Justin Tucker,1953250,2023-12-06,2028-12-04,5,data/rentals/rental_agreement_10.pdf
11,Branch-11,Quetta,Karen Fletcher,2667756,2021-09-13,2024-09-12,3,data/rentals/rental_agreement_11.pdf
12,Branch-12,Karachi,Timothy Huang,4694311,2024-08-15,2027-08-15,3,data/rentals/rental_agreement_12.pdf
13,Branch-13,Peshawar,Roberto Gutierrez,4922115,2023-08-11,2024-08-10,1,data/rentals/rental_agreement_13.pdf
14,Branch-14,Lahore,Lisa Silva,2555470,2022-09-10,2026-09-09,4,data/rentals/rental_agreement_14.pdf
15,Branch-15,Multan,Andrew Moses,1418988,2023-05-05,2026-05-04,3,data/rentals/rental_agreement_15.pdf
16,Branch-16,Multan,Emma Conner,3639462,2024-01-03,2027-01-02,3,data/rentals/rental_agreement_16.pdf
17,Branch-17,Lahore,Judy Peters,4193220,2024-03-21,2025-03-21,1,data/rentals/rental_agreement_17.pdf
18,Branch-18,Quetta,Hannah Anderson,700073,2023-01-31,2024-01-31,1,data/rentals/rental_agreement_18.pdf
19,Branch-19,Multan,Michael Richard,1406340,2024-03-14,2027-03-14,3,data/rentals/rental_agreement_19.pdf
20,Branch-20,Lahore,Gina Gamble,3575696,2022-11-23,2024-11-22,2,data/rentals/rental_agreement_20.pdf
21,Branch-21,Islamabad,Lisa Webb,4577992,2022-02-08,2024-02-08,2,data/rentals/rental_agreement_21.pdf
22,Branch-22,Islamabad,Michael Stein,905469,2022-09-11,2027-09-10,5,data/rentals/rental_agreement_22.pdf
23,Branch-23,Lahore,Rebecca Hughes,2998501,2024-12-03,2028-12-02,4,data/rentals/rental_agreement_23.pdf
24,Branch-24,Karachi,Yolanda Phillips,1144067,2023-12-26,2025-12-25,2,data/rentals/rental_agreement_24.pdf
25,Branch-25,Karachi,Glenn Nelson,2311107,2023-12-19,2027-12-18,4,data/rentals/rental_agreement_25.pdf
26,Branch-26,Quetta,Tracy Park,2789204,2020-12-01,2025-11-30,5,data/rentals/rental_agreement_26.pdf
27,Branch-27,Islamabad,Justin Gonzales,3779435,2025-02-02,2030-02-01,5,data/rentals/rental_agreement_27.pdf
28,Branch-28,Islamabad,Logan Peterson,1076574,2025-08-12,2027-08-12,2,data/rentals/rental_agreement_28.pdf
29,Branch-29,Karachi,Chad Hensley,4583228,2024-03-13,2028-03-12,4,data/rentals/rental_agreement_29.pdf
30,Branch-30,Islamabad,James Conley,2698424,2021-03-01,2026-02-28,5,data/rentals/rental_agreement_30.pdf
31,Branch-31,Peshawar,Brandon Meyers,4496786,2022-07-08,2026-07-07,4,data/rentals/rental_agreement_31.pdf
32,Branch-32,Multan,Tyrone Moore,3161774,2021-10-04,2026-10-03,5,data/rentals/rental_agreement_32.pdf
33,Branch-33,Karachi,Kristin Murphy,3691661,2024-07-17,2027-07-17,3,data/rentals/rental_agreement_33.pdf
34,Branch-34,Karachi,Carl Smith,2139828,2023-10-28,2028-10-26,5,data/rentals/rental_agreement_34.pdf
35,Branch-35,Islamabad,Mr. Robert Johnson DVM,948212,2021-07-06,2026-07-05,5,data/rentals/rental_agreement_35.pdf
36,Branch-36,Karachi,Donna Miller,2842528,2021-04-20,2022-04-20,1,data/rentals/rental_agreement_36.pdf
37,Branch-37,Multan,Carolyn Huerta,3129941,2022-08-30,2025-08-29,3,data/rentals/rental_agreement_37.pdf
38,Branch-38,Peshawar,Andre Davis,3062599,2025-07-02,2029-07-01,4,data/rentals/rental_agreement_38.pdf
39,Branch-39,Islamabad,Daniel Vazquez,3658319,2025-06-07,2026-06-07,1,data/rentals/rental_agreement_39.pdf
40,Branch-40,Faisalabad,Michael Williams,1952950,2023-08-17,2025-08-16,2,data/rentals/rental_agreement_40.pdf
41,Branch-41,Lahore,Brittany Brown,1456988,2022-01-05,2023-01-05,1,data/rentals/rental_agreement_41.pdf
42,Branch-42,Islamabad,Robert Novak,910397,2025-03-09,2030-03-08,5,data/rentals/rental_agreement_42.pdf
43,Branch-43,Quetta,Joseph Morse,2763269,2024-04-02,2026-04-02,2,data/rentals/rental_agreement_43.pdf
44,Branch-44,Lahore,Vanessa Henderson,3782180,2022-05-09,2026-05-08,4,data/rentals/rental_agreement_44.pdf
45,Branch-45,Multan,Sandra Allen,1061199,2023-05-29,2024-05-28,1,data/rentals/rental_agreement_45.pdf
46,Branch-46,Lahore,Kristy Rice,2165213,2023-05-08,2026-05-07,3,data/rentals/rental_agreement_46.pdf
47,Branch-47,Faisalabad,John Harrell,866655,2024-04-23,2028-04-22,4,data/rentals/rental_agreement_47.pdf
48,Branch-48,Islamabad,Alexandria Wilcox,3796848,2022-03-14,2026-03-13,4,data/rentals/rental_agreement_48.pdf
49,Branch-49,Islamabad,Jeffrey James,1446235,2020-09-18,2021-09-18,1,data/rentals/rental_agreement_49.pdf
50,Branch-50,Multan,Natalie Wilcox,1429135,2022-08-09,2027-08-08,5,data/rentals/rental_agreement_50.pdf
51,Branch-51,Islamabad,Matthew Armstrong,842170,2024-02-26,2029-02-24,5,data/rentals/rental_agreement_51.pdf
52,Branch-52,Quetta,Erin Gibson,4298052,2023-05-21,2025-05-20,2,data/rentals/rental_agreement_52.pdf
53,Branch-53,Faisalabad,Roberto Smith,3151800,2024-02-27,2027-02-26,3,data/rentals/rental_agreement_53.pdf
54,Branch-54,Multan,Matthew Mason,2400880,2024-09-22,2027-09-22,3,data/rentals/rental_agreement_54.pdf
55,Branch-55,Karachi,Lisa Mcdonald,4299745,2021-03-31,2023-03-31,2,data/rentals/rental_agreement_55.pdf
56,Branch-56,Multan,Janet Palmer PhD,4303736,2021-09-09,2026-09-08,5,data/rentals/rental_agreement_56.pdf
57,Branch-57,Islamabad,John Smith,2631816,2024-07-23,2029-07-22,5,data/rentals/rental_agreement_57.pdf
58,Branch-58,Quetta,James Garner,2471139,2022-01-23,2023-01-23,1,data/rentals/rental_agreement_58.pdf
59,Branch-59,Multan,Matthew Snow,744001,2024-01-06,2029-01-04,5,data/rentals/rental_agreement_59.pdf
60,Branch-60,Quetta,Christina Meza,1958565,2025-01-15,2026-01-15,1,data/rentals/rental_agreement_60.pdf
61,Branch-61,Faisalabad,Jamie Rose,3956013,2024-06-13,2028-06-12,4,data/rentals/rental_agreement_61.pdf
62,Branch-62,Peshawar,William Carlson DVM,1241155,2024-12-03,2026-12-03,2,data/rentals/rental_agreement_62.pdf
63,Branch-63,Multan,Mr. Gabriel Costa,2775634,2021-11-18,2024-11-17,3,data/rentals/rental_agreement_63.pdf
64,Branch-64,Karachi,Michael Mcintosh,4956767,2021-11-16,2026-11-15,5,data/rentals/rental_agreement_64.pdf
65,Branch-65,Islamabad,Jennifer Logan,4324469,2020-11-13,2022-11-13,2,data/rentals/rental_agreement_65.pdf
66,Branch-66,Faisalabad,Ashley Barnes,1617550,2023-01-25,2025-01-24,2,data/rentals/rental_agreement_66.pdf
67,Branch-67,Peshawar,Sandy Greene,2408618,2023-05-06,2026-05-05,3,data/rentals/rental_agreement_67.pdf
68,Branch-68,Peshawar,Wayne Vargas,3577885,2023-10-09,2027-10-08,4,data/rentals/rental_agreement_68.pdf
69,Branch-69,Karachi,Matthew Sanchez,3073884,2024-04-18,2029-04-17,5,data/rentals/rental_agreement_69.pdf
70,Branch-70,Islamabad,Daniel Miranda,4845882,2022-03-22,2024-03-21,2,data/rentals/rental_agreement_70.pdf
71,Branch-71,Faisalabad,Christopher Wilson DDS,981527,2023-05-31,2027-05-30,4,data/rentals/rental_agreement_71.pdf
72,Branch-72,Quetta,Scott Thomas,2343679,2025-06-25,2027-06-25,2,data/rentals/rental_agreement_72.pdf
73,Branch-73,Islamabad,Robin Brown,3547759,2022-02-20,2025-02-19,3,data/rentals/rental_agreement_73.pdf
74,Branch-74,Peshawar,Megan Marshall,810350,2024-02-13,2025-02-12,1,data/rentals/rental_agreement_74.pdf
75,Branch-75,Quetta,Joel Smith,950966,2024-08-26,2029-08-25,5,data/rentals/rental_agreement_75.pdf
76,Branch-76,Faisalabad,Robert Peterson,2298805,2024-09-27,2027-09-27,3,data/rentals/rental_agreement_76.pdf
77,Branch-77,Multan,Jennifer Williams,668857,2021-08-11,2024-08-10,3,data/rentals/rental_agreement_77.pdf
78,Branch-78,Lahore,Ethan Bird,3071838,2025-06-13,2027-06-13,2,data/rentals/rental_agreement_78.pdf
79,Branch-79,Faisalabad,Ryan Richard,2853728,2022-01-20,2027-01-19,5,data/rentals/rental_agreement_79.pdf
80,Branch-80,Peshawar,Brian Klein,3462374,2024-01-03,2028-01-02,4,data/rentals/rental_agreement_80.pdf
81,Branch-81,Karachi,Randy Vaughn,3131598,2023-04-16,2024-04-15,1,data/rentals/rental_agreement_81.pdf
82,Branch-82,Quetta,Mr. Caleb Mccullough Jr.,649471,2022-12-10,2023-12-10,1,data/rentals/rental_agreement_82.pdf
83,Branch-83,Faisalabad,Richard Robertson,2249056,2020-11-08,2023-11-08,3,data/rentals/rental_agreement_83.pdf
84,Branch-84,Lahore,Jasmin Franklin,3385139,2021-04-08,2026-04-07,5,data/rentals/rental_agreement_84.pdf
85,Branch-85,Lahore,Michelle Wilson,1167674,2025-05-16,2029-05-15,4,data/rentals/rental_agreement_85.pdf
86,Branch-86,Multan,Dale Jones,699177,2022-08-29,2024-08-28,2,data/rentals/rental_agreement_86.pdf
87,Branch-87,Faisalabad,Christina Young,698653,2022-01-05,2027-01-04,5,data/rentals/rental_agreement_87.pdf
88,Branch-88,Faisalabad,Kimberly Young,3606603,2021-07-17,2022-07-17,1,data/rentals/rental_agreement_88.pdf
89,Branch-89,Faisalabad,Tina Watson,2350488,2025-09-15,2028-09-14,3,data/rentals/rental_agreement_89.pdf
90,Branch-90,Lahore,Sara Davis,3644989,2024-01-29,2027-01-28,3,data/rentals/rental_agreement_90.pdf
91,Branch-91,Lahore,Angela Reynolds,1333357,2021-09-12,2023-09-12,2,data/rentals/rental_agreement_91.pdf
92,Branch-92,Quetta,Danielle Rios,2820312,2022-01-11,2026-01-10,4,data/rentals/rental_agreement_92.pdf
93,Branch-93,Faisalabad,Destiny George,4090749,2024-07-05,2027-07-05,3,data/rentals/rental_agreement_93.pdf
94,Branch-94,Quetta,Jose Cardenas,2143972,2022-02-22,2026-02-21,4,data/rentals/rental_agreement_94.pdf
95,Branch-95,Lahore,Vincent Gonzalez DDS,3145803,2024-10-03,2027-10-03,3,data/rentals/rental_agreement_95.pdf
96,Branch-96,Lahore,Jessica Tucker,1324705,2024-07-17,2029-07-16,5,data/rentals/rental_agreement_96.pdf
97,Branch-97,Faisalabad,Albert Phillips,2898055,2021-11-30,2022-11-30,1,data/rentals/rental_agreement_97.pdf
98,Branch-98,Islamabad,Dave Thomas,3639331,2023-09-18,2027-09-17,4,data/rentals/rental_agreement_98.pdf
99,Branch-99,Multan,Michelle Davis,1453697,2020-12-30,2022-12-30,2,data/rentals/rental_agreement_99.pdf
100,Branch-100,Multan,Jaime Smith,2638197,2024-07-07,2026-07-07,2,data/rentals/rental_agreement_100.pdf
101,Branch-101,Multan,Anthony Mclean,507915,2023-05-24,2027-05-23,4,data/rentals/rental_agreement_101.pdf
102,Branch-102,Lahore,James Robbins,1416070,2025-05-05,2026-05-05,1,data/rentals/rental_agreement_102.pdf
103,Branch-103,Islamabad,Sara Crawford,1976154,2025-04-22,2029-04-21,4,data/rentals/rental_agreement_103.pdf
104,Branch-104,Multan,Paul Smith,3591136,2020-11-21,2024-11-20,4,data/rentals/rental_agreement_104.pdf
105,Branch-105,Faisalabad,Natasha Kidd,4740539,2023-08-18,2025-08-17,2,data/rentals/rental_agreement_105.pdf
106,Branch-106,Multan,Rachel Christensen,3569903,2022-01-24,2026-01-23,4,data/rentals/rental_agreement_106.pdf
107,Branch-107,Islamabad,Brittany Johnston,3622349,2023-11-26,2026-11-25,3,data/rentals/rental_agreement_107.pdf
108,Branch-108,Karachi,Norman Johnson,2164280,2024-10-01,2029-09-30,5,data/rentals/rental_agreement_108.pdf
109,Branch-109,Peshawar,Jack Thompson,2411903,2021-12-14,2026-12-13,5,data/rentals/rental_agreement_109.pdf
110,Branch-110,Faisalabad,Lisa Wagner,4639264,2023-08-28,2024-08-27,1,data/rentals/rental_agreement_110.pdf
111,Branch-111,Faisalabad,Leah Powers,1057855,2022-08-03,2026-08-02,4,data/rentals/rental_agreement_111.pdf
112,Branch-112,Peshawar,Shannon Garner,4112168,2022-12-04,2024-12-03,2,data/rentals/rental_agreement_112.pdf
113,Branch-113,Faisalabad,Kayla Ferguson,2986745,2025-05-31,2030-05-30,5,data/rentals/rental_agreement_113.pdf
114,Branch-114,Karachi,Alison Henson,2847001,2024-04-01,2028-03-31,4,data/rentals/rental_agreement_114.pdf
115,Branch-115,Islamabad,Kristy Barry,1116068,2024-01-11,2026-01-10,2,data/rentals/rental_agreement_115.pdf
116,Branch-116,Faisalabad,Kevin Moore,1887589,2025-02-03,2026-02-03,1,data/rentals/rental_agreement_116.pdf
117,Branch-117,Islamabad,Michael Spears,3817485,2021-05-05,2024-05-04,3,data/rentals/rental_agreement_117.pdf
118,Branch-118,Multan,Jennifer Myers,4161507,2024-03-13,2025-03-13,1,data/rentals/rental_agreement_118.pdf
119,Branch-119,Islamabad,Bruce Vaughn,4706561,2022-09-26,2026-09-25,4,data/rentals/rental_agreement_119.pdf
120,Branch-120,Quetta,Matthew Stewart,575498,2022-05-23,2026-05-22,4,data/rentals/rental_agreement_120.pdf
121,Branch-121,Multan,Bobby Brewer,2799775,2025-08-13,2027-08-13,2,data/rentals/rental_agreement_121.pdf
122,Branch-122,Faisalabad,Jennifer Salazar,2843041,2021-07-03,2023-07-03,2,data/rentals/rental_agreement_122.pdf
123,Branch-123,Lahore,Joshua Dougherty,1090066,2023-12-25,2024-12-24,1,data/rentals/rental_agreement_123.pdf
124,Branch-124,Karachi,Larry Nguyen,1883472,2025-06-12,2030-06-11,5,data/rentals/rental_agreement_124.pdf
125,Branch-125,Lahore,Sara Mcclure,2550316,2022-11-17,2025-11-16,3,data/rentals/rental_agreement_125.pdf
126,Branch-126,Lahore,James Villegas,1872399,2023-04-23,2028-04-21,5,data/rentals/rental_agreement_126.pdf
127,Branch-127,Peshawar,Pamela Ortiz,2886594,2022-08-29,2023-08-29,1,data/rentals/rental_agreement_127.pdf
128,Branch-128,Lahore,Christopher Oconnor,1600483,2021-12-11,2022-12-11,1,data/rentals/rental_agreement_128.pdf
129,Branch-129,Lahore,Amanda Hill,734700,2024-12-31,2028-12-30,4,data/rentals/rental_agreement_129.pdf
130,Branch-130,Faisalabad,Zachary Wilson,3018737,2025-07-05,2030-07-04,5,data/rentals/rental_agreement_130.pdf
131,Branch-131,Multan,Andrew Vazquez,4288871,2022-09-21,2023-09-21,1,data/rentals/rental_agreement_131.pdf
132,Branch-132,Faisalabad,Kenneth Harris,4973989,2023-12-22,2028-12-20,5,data/rentals/rental_agreement_132.pdf
133,Branch-133,Lahore,Paul Rodriguez,1942305,2021-01-24,2023-01-24,2,data/rentals/rental_agreement_133.pdf
134,Branch-134,Karachi,Jennifer Parker,2942423,2022-12-20,2025-12-19,3,data/rentals/rental_agreement_134.pdf
135,Branch-135,Peshawar,John Roach,4390341,2020-12-26,2023-12-26,3,data/rentals/rental_agreement_135.pdf
136,Branch-136,Karachi,Robert Gutierrez,2709571,2021-05-12,2022-05-12,1,data/rentals/rental_agreement_136.pdf
137,Branch-137,Faisalabad,Dawn Miller,1885754,2021-05-02,2026-05-01,5,data/rentals/rental_agreement_137.pdf
138,Branch-138,Karachi,Stephanie Delgado,2111628,2023-03-10,2024-03-09,1,data/rentals/rental_agreement_138.pdf
139,Branch-139,Karachi,Angela Allen,4610693,2024-11-24,2028-11-23,4,data/rentals/rental_agreement_139.pdf
140,Branch-140,Faisalabad,Meghan Potts,1569116,2024-02-04,2025-02-03,1,data/rentals/rental_agreement_140.pdf
141,Branch-141,Faisalabad,Meagan King,2865141,2023-10-19,2024-10-18,1,data/rentals/rental_agreement_141.pdf
142,Branch-142,Islamabad,Morgan Cox,1111609,2023-05-07,2024-05-06,1,data/rentals/rental_agreement_142.pdf
143,Branch-143,Islamabad,Scott Pineda,937629,2023-11-20,2024-11-19,1,data/rentals/rental_agreement_143.pdf
144,Branch-144,Karachi,Brandon Brown,2862236,2021-01-28,2026-01-27,5,data/rentals/rental_agreement_144.pdf
145,Branch-145,Karachi,John Huff,3866616,2022-05-23,2025-05-22,3,data/rentals/rental_agreement_145.pdf
146,Branch-146,Faisalabad,Tara Conrad,4125253,2021-01-22,2026-01-21,5,data/rentals/rental_agreement_146.pdf
147,Branch-147,Karachi,Phillip Freeman,1615108,2024-08-08,2027-08-08,3,data/rentals/rental_agreement_147.pdf
148,Branch-148,Islamabad,Amanda Stewart,1866471,2024-08-22,2028-08-21,4,data/rentals/rental_agreement_148.pdf
149,Branch-149,Karachi,Daniel Roberts,2965674,2024-03-10,2026-03-10,2,data/rentals/rental_agreement_149.pdf
150,Branch-150,Karachi,Michael Jones,1779557,2024-01-04,2028-01-03,4,data/rentals/rental_agreement_150.pdf
151,Branch-151,Karachi,Leslie Williams,1029911,2021-05-24,2022-05-24,1,data/rentals/rental_agreement_151.pdf
152,Branch-152,Multan,Ashley Jenkins,1588968,2025-01-03,2028-01-03,3,data/rentals/rental_agreement_152.pdf
153,Branch-153,Karachi,Luke Lee,4848740,2024-04-04,2026-04-04,2,data/rentals/rental_agreement_153.pdf
154,Branch-154,Peshawar,Christopher Bradley,1199634,2022-08-02,2024-08-01,2,data/rentals/rental_agreement_154.pdf
155,Branch-155,Quetta,Edward Martinez,3662124,2024-12-11,2027-12-11,3,data/rentals/rental_agreement_155.pdf
156,Branch-156,Faisalabad,Erica Long,1357113,2023-08-15,2027-08-14,4,data/rentals/rental_agreement_156.pdf
157,Branch-157,Islamabad,Cody Ellis,4681852,2021-04-08,2026-04-07,5,data/rentals/rental_agreement_157.pdf
158,Branch-158,Islamabad,Heidi Wilkins,2417005,2023-01-05,2028-01-04,5,data/rentals/rental_agreement_158.pdf
159,Branch-159,Karachi,Rachel Evans,3370024,2023-07-05,2024-07-04,1,data/rentals/rental_agreement_159.pdf
160,Branch-160,Lahore,Steven Bailey,3509055,2022-07-14,2027-07-13,5,data/rentals/rental_agreement_160.pdf
161,Branch-161,Quetta,Dr. Gloria Herrera MD,3246614,2023-03-12,2024-03-11,1,data/rentals/rental_agreement_161.pdf
162,Branch-162,Lahore,Vincent Cox,2040007,2023-03-06,2027-03-05,4,data/rentals/rental_agreement_162.pdf
163,Branch-163,Faisalabad,Linda Walker,3357449,2022-09-14,2024-09-13,2,data/rentals/rental_agreement_163.pdf
164,Branch-164,Multan,Timothy Juarez,3698248,2023-09-10,2025-09-09,2,data/rentals/rental_agreement_164.pdf
165,Branch-165,Peshawar,Lauren Romero,1094540,2021-01-26,2023-01-26,2,data/rentals/rental_agreement_165.pdf
166,Branch-166,Karachi,Chris Ortiz,3484951,2024-05-28,2026-05-28,2,data/rentals/rental_agreement_166.pdf
167,Branch-167,Lahore,Kristin Green,2829215,2023-11-17,2028-11-15,5,data/rentals/rental_agreement_167.pdf
168,Branch-168,Faisalabad,Karl Henderson,4495299,2024-07-18,2027-07-18,3,data/rentals/rental_agreement_168.pdf
169,Branch-169,Faisalabad,Christina Valdez,2691923,2020-09-22,2025-09-21,5,data/rentals/rental_agreement_169.pdf
170,Branch-170,Islamabad,Jessica Davenport,2713610,2023-12-02,2024-12-01,1,data/rentals/rental_agreement_170.pdf
171,Branch-171,Peshawar,Joseph Kidd,965546,2025-08-08,2030-08-07,5,data/rentals/rental_agreement_171.pdf
172,Branch-172,Faisalabad,Cheryl Buckley,1879292,2022-10-12,2026-10-11,4,data/rentals/rental_agreement_172.pdf
173,Branch-173,Islamabad,Lisa White,3554331,2022-09-14,2027-09-13,5,data/rentals/rental_agreement_173.pdf
174,Branch-174,Karachi,Philip Wilson,4440010,2021-12-29,2024-12-28,3,data/rentals/rental_agreement_174.pdf
175,Branch-175,Faisalabad,Martin Johnson,2571660,2023-06-17,2025-06-16,2,data/rentals/rental_agreement_175.pdf
176,Branch-176,Multan,Janet Roberts,3161501,2022-06-11,2025-06-10,3,data/rentals/rental_agreement_176.pdf
177,Branch-177,Quetta,Evan Jones,1296527,2021-01-24,2023-01-24,2,data/rentals/rental_agreement_177.pdf
178,Branch-178,Islamabad,Martha Douglas,3186117,2024-10-03,2028-10-02,4,data/rentals/rental_agreement_178.pdf
179,Branch-179,Quetta,Bryan Thompson,671367,2023-10-18,2024-10-17,1,data/rentals/rental_agreement_179.pdf
180,Branch-180,Multan,David Brown MD,2483164,2024-03-08,2026-03-08,2,data/rentals/rental_agreement_180.pdf
181,Branch-181,Quetta,Danny Whitehead,1423131,2025-02-03,2026-02-03,1,data/rentals/rental_agreement_181.pdf
182,Branch-182,Karachi,Stephen Moyer,3308046,2024-07-07,2028-07-06,4,data/rentals/rental_agreement_182.pdf
183,Branch-183,Peshawar,Amanda Ramsey,4659305,2021-04-06,2023-04-06,2,data/rentals/rental_agreement_183.pdf
184,Branch-184,Multan,Jacob Brady,4620305,2024-12-06,2026-12-06,2,data/rentals/rental_agreement_184.pdf
185,Branch-185,Quetta,Maria Martin,1937904,2025-05-30,2027-05-30,2,data/rentals/rental_agreement_185.pdf
186,Branch-186,Multan,Rebecca Simmons,1295306,2025-09-08,2026-09-08,1,data/rentals/rental_agreement_186.pdf
187,Branch-187,Faisalabad,Thomas Contreras,4851643,2025-01-26,2026-01-26,1,data/rentals/rental_agreement_187.pdf
188,Branch-188,Islamabad,Michael Randall,1619219,2025-01-09,2027-01-09,2,data/rentals/rental_agreement_188.pdf
189,Branch-189,Faisalabad,Alfred Rodriguez,2240960,2024-11-17,2026-11-17,2,data/rentals/rental_agreement_189.pdf
190,Branch-190,Quetta,Joseph Long,2306158,2022-09-15,2027-09-14,5,data/rentals/rental_agreement_190.pdf
191,Branch-191,Quetta,John Williams,3007093,2021-08-17,2022-08-17,1,data/rentals/rental_agreement_191.pdf
192,Branch-192,Quetta,Monica Mcclure,923144,2021-11-30,2023-11-30,2,data/rentals/rental_agreement_192.pdf
193,Branch-193,Faisalabad,Dustin Hill,4734751,2024-01-05,2027-01-04,3,data/rentals/rental_agreement_193.pdf
194,Branch-194,Multan,Stephen Barrett,4342983,2024-09-12,2026-09-12,2,data/rentals/rental_agreement_194.pdf
195,Branch-195,Quetta,Nathan Robertson DDS,3000309,2021-10-14,2024-10-13,3,data/rentals/rental_agreement_195.pdf
196,Branch-196,Lahore,Derrick Gonzalez,1987254,2025-02-01,2028-02-01,3,data/rentals/rental_agreement_196.pdf
197,Branch-197,Peshawar,Albert James,3646118,2024-12-05,2026-12-05,2,data/rentals/rental_agreement_197.pdf
198,Branch-198,Multan,Anthony Wilson,4840208,2020-10-16,2021-10-16,1,data/rentals/rental_agreement_198.pdf
199,Branch-199,Quetta,Jennifer Atkinson,799900,2024-07-15,2026-07-15,2,data/rentals/rental_agreement_199.pdf
200,Branch-200,Islamabad,Jennifer Johnson,3594815,2023-11-10,2026-11-09,3,data/rentals/rental_agreement_200.pdf
201,Branch-201,Quetta,Robert Davis,886622,2022-07-02,2025-07-01,3,data/rentals/rental_agreement_201.pdf
202,Branch-202,Lahore,Bridget Simon,4770773,2023-12-03,2026-12-02,3,data/rentals/rental_agreement_202.pdf
203,Branch-203,Karachi,David Clark,1453808,2023-01-24,2027-01-23,4,data/rentals/rental_agreement_203.pdf
204,Branch-204,Islamabad,Steven Bender,4365724,2023-09-08,2027-09-07,4,data/rentals/rental_agreement_204.pdf
205,Branch-205,Faisalabad,Ronnie Bishop,3492999,2025-04-10,2026-04-10,1,data/rentals/rental_agreement_205.pdf
206,Branch-206,Islamabad,Brittany Khan,2233370,2024-05-11,2026-05-11,2,data/rentals/rental_agreement_206.pdf
207,Branch-207,Lahore,John Kelley,3324514,2020-11-25,2025-11-24,5,data/rentals/rental_agreement_207.pdf
208,Branch-208,Karachi,James Garcia,638036,2023-08-18,2025-08-17,2,data/rentals/rental_agreement_208.pdf
209,Branch-209,Islamabad,Sarah Mcmahon,1812229,2021-03-03,2026-03-02,5,data/rentals/rental_agreement_209.pdf
210,Branch-210,Multan,Aaron Ramirez,1142532,2024-04-09,2025-04-09,1,data/rentals/rental_agreement_210.pdf
211,Branch-211,Faisalabad,Patricia Wallace,1118876,2021-12-07,2025-12-06,4,data/rentals/rental_agreement_211.pdf
212,Branch-212,Peshawar,Angie Guerra,760369,2024-10-08,2028-10-07,4,data/rentals/rental_agreement_212.pdf
213,Branch-213,Peshawar,Derrick Bauer,1532315,2023-05-17,2024-05-16,1,data/rentals/rental_agreement_213.pdf
214,Branch-214,Faisalabad,Lisa Jackson,2272172,2023-09-14,2028-09-12,5,data/rentals/rental_agreement_214.pdf
215,Branch-215,Peshawar,Sarah Brown,4322362,2023-10-04,2027-10-03,4,data/rentals/rental_agreement_215.pdf
216,Branch-216,Lahore,David Blankenship,1584563,2023-12-15,2028-12-13,5,data/rentals/rental_agreement_216.pdf
217,Branch-217,Islamabad,Tammy Maldonado,2529337,2023-06-01,2027-05-31,4,data/rentals/rental_agreement_217.pdf
218,Branch-218,Peshawar,Cheryl Lopez,824101,2023-04-27,2025-04-26,2,data/rentals/rental_agreement_218.pdf
219,Branch-219,Quetta,Rebecca Medina,1894474,2023-04-15,2028-04-13,5,data/rentals/rental_agreement_219.pdf
220,Branch-220,Islamabad,Julie Rose,4115777,2022-02-17,2024-02-17,2,data/rentals/rental_agreement_220.pdf
221,Branch-221,Lahore,Danielle Daugherty,3369480,2022-04-26,2023-04-26,1,data/rentals/rental_agreement_221.pdf
222,Branch-222,Faisalabad,Gail Newton,3224989,2022-09-30,2026-09-29,4,data/rentals/rental_agreement_222.pdf
223,Branch-223,Islamabad,Dustin Carter,3805938,2023-02-14,2026-02-13,3,data/rentals/rental_agreement_223.pdf
224,Branch-224,Karachi,Christina Suarez PhD,3147737,2021-05-22,2024-05-21,3,data/rentals/rental_agreement_224.pdf
225,Branch-225,Lahore,Cheryl Hanson,1892734,2020-12-24,2023-12-24,3,data/rentals/rental_agreement_225.pdf
226,Branch-226,Faisalabad,Jessica Santiago,1643849,2025-01-18,2027-01-18,2,data/rentals/rental_agreement_226.pdf
227,Branch-227,Faisalabad,James Johnson,2355937,2024-04-22,2026-04-22,2,data/rentals/rental_agreement_227.pdf
228,Branch-228,Peshawar,Charles Scott,2803439,2023-11-14,2025-11-13,2,data/rentals/rental_agreement_228.pdf
229,Branch-229,Quetta,Billy Robles,4662488,2024-02-10,2025-02-09,1,data/rentals/rental_agreement_229.pdf
230,Branch-230,Peshawar,Kathleen Shaw,748613,2023-04-12,2028-04-10,5,data/rentals/rental_agreement_230.pdf
231,Branch-231,Karachi,Christine Mullen,1625112,2021-02-01,2024-02-01,3,data/rentals/rental_agreement_231.pdf
232,Branch-232,Quetta,Brian Vargas,4428862,2022-10-29,2023-10-29,1,data/rentals/rental_agreement_232.pdf
233,Branch-233,Islamabad,Shawn Carter,4409538,2021-04-29,2023-04-29,2,data/rentals/rental_agreement_233.pdf
234,Branch-234,Lahore,Donna Monroe,3191586,2025-08-16,2026-08-16,1,data/rentals/rental_agreement_234.pdf
235,Branch-235,Quetta,Thomas Gutierrez,4029003,2025-06-28,2029-06-27,4,data/rentals/rental_agreement_235.pdf
236,Branch-236,Karachi,Michael Cooper,1280111,2023-06-15,2027-06-14,4,data/rentals/rental_agreement_236.pdf
237,Branch-237,Lahore,John Reyes,1604836,2021-03-03,2025-03-02,4,data/rentals/rental_agreement_237.pdf
238,Branch-238,Quetta,April Little,2843213,2021-04-18,2026-04-17,5,data/rentals/rental_agreement_238.pdf
239,Branch-239,Lahore,Daniel Padilla,2987373,2024-06-03,2026-06-03,2,data/rentals/rental_agreement_239.pdf
240,Branch-240,Faisalabad,Savannah Johnson,2049489,2023-02-28,2028-02-27,5,data/rentals/rental_agreement_240.pdf
241,Branch-241,Islamabad,William Kerr,2147141,2021-04-03,2025-04-02,4,data/rentals/rental_agreement_241.pdf
242,Branch-242,Quetta,Wendy Tucker,2182913,2022-07-02,2025-07-01,3,data/rentals/rental_agreement_242.pdf
243,Branch-243,Lahore,Joseph Aguirre,4129170,2022-02-14,2027-02-13,5,data/rentals/rental_agreement_243.pdf
244,Branch-244,Faisalabad,Charles Hernandez,3995989,2020-12-19,2025-12-18,5,data/rentals/rental_agreement_244.pdf
245,Branch-245,Multan,David May,1470304,2025-01-17,2029-01-16,4,data/rentals/rental_agreement_245.pdf
246,Branch-246,Peshawar,Kiara Bradford,2818987,2024-07-19,2026-07-19,2,data/rentals/rental_agreement_246.pdf
247,Branch-247,Karachi,Kevin Nelson,2022351,2022-08-03,2024-08-02,2,data/rentals/rental_agreement_247.pdf
248,Branch-248,Multan,Mary Vasquez,1219775,2021-08-17,2025-08-16,4,data/rentals/rental_agreement_248.pdf
249,Branch-249,Peshawar,Emily Daniel,2439636,2021-05-24,2024-05-23,3,data/rentals/rental_agreement_249.pdf
250,Branch-250,Faisalabad,Angela Becker,4875651,2025-05-02,2030-05-01,5,data/rentals/rental_agreement_250.pdf
251,Branch-251,Quetta,Bryan Oliver,2974927,2024-01-12,2029-01-10,5,data/rentals/rental_agreement_251.pdf
252,Branch-252,Faisalabad,Kathryn Ray,912274,2024-03-01,2026-03-01,2,data/rentals/rental_agreement_252.pdf
253,Branch-253,Multan,Amber Cole,2394713,2025-03-11,2029-03-10,4,data/rentals/rental_agreement_253.pdf
254,Branch-254,Faisalabad,Eric Howe,4971425,2023-06-07,2026-06-06,3,data/rentals/rental_agreement_254.pdf
255,Branch-255,Quetta,Margaret Perez,699173,2021-07-29,2024-07-28,3,data/rentals/rental_agreement_255.pdf
256,Branch-256,Lahore,Cody Daniels,2593057,2022-05-21,2024-05-20,2,data/rentals/rental_agreement_256.pdf
257,Branch-257,Karachi,Mary Daniel,3036880,2023-10-30,2027-10-29,4,data/rentals/rental_agreement_257.pdf
258,Branch-258,Karachi,Laurie Hurley,1362678,2024-04-24,2027-04-24,3,data/rentals/rental_agreement_258.pdf
259,Branch-259,Multan,Samuel Drake,761953,2024-05-20,2027-05-20,3,data/rentals/rental_agreement_259.pdf
260,Branch-260,Lahore,Joshua Mccall,4272744,2023-08-18,2024-08-17,1,data/rentals/rental_agreement_260.pdf
261,Branch-261,Quetta,Wendy Williams,1226964,2024-08-03,2027-08-03,3,data/rentals/rental_agreement_261.pdf
262,Branch-262,Karachi,Jeremiah Lowery,2586769,2023-10-22,2027-10-21,4,data/rentals/rental_agreement_262.pdf
263,Branch-263,Lahore,Victor Miller,4381937,2023-06-24,2025-06-23,2,data/rentals/rental_agreement_263.pdf
264,Branch-264,Faisalabad,Matthew Salas,4548502,2024-01-21,2026-01-20,2,data/rentals/rental_agreement_264.pdf
265,Branch-265,Multan,Mary Taylor,1762720,2022-03-06,2023-03-06,1,data/rentals/rental_agreement_265.pdf
266,Branch-266,Faisalabad,Steven Webb,3850663,2023-04-09,2026-04-08,3,data/rentals/rental_agreement_266.pdf
267,Branch-267,Peshawar,Megan Krause DDS,3191890,2021-11-25,2026-11-24,5,data/rentals/rental_agreement_267.pdf
268,Branch-268,Islamabad,Melinda Fleming,603217,2024-11-09,2029-11-08,5,data/rentals/rental_agreement_268.pdf
269,Branch-269,Karachi,Kendra Erickson,1480438,2025-04-22,2027-04-22,2,data/rentals/rental_agreement_269.pdf
270,Branch-270,Multan,Joseph Soto,2853192,2024-04-02,2026-04-02,2,data/rentals/rental_agreement_270.pdf
271,Branch-271,Quetta,Stephanie Fox,1750289,2024-09-24,2027-09-24,3,data/rentals/rental_agreement_271.pdf
272,Branch-272,Quetta,Rebecca Hampton,2078690,2021-12-18,2025-12-17,4,data/rentals/rental_agreement_272.pdf
273,Branch-273,Multan,Timothy Ewing,1475570,2024-02-19,2025-02-18,1,data/rentals/rental_agreement_273.pdf
274,Branch-274,Lahore,Michelle Cruz,3285126,2020-12-22,2023-12-22,3,data/rentals/rental_agreement_274.pdf
275,Branch-275,Quetta,Darren Aguirre,4687561,2021-01-28,2022-01-28,1,data/rentals/rental_agreement_275.pdf
276,Branch-276,Islamabad,Julia Fernandez,4290126,2023-01-09,2027-01-08,4,data/rentals/rental_agreement_276.pdf
277,Branch-277,Quetta,Vanessa Smith,2113859,2023-02-13,2027-02-12,4,data/rentals/rental_agreement_277.pdf
278,Branch-278,Quetta,Nicole Garcia,4569079,2021-01-04,2025-01-03,4,data/rentals/rental_agreement_278.pdf
279,Branch-279,Karachi,Jason Gomez,1712603,2023-10-06,2025-10-05,2,data/rentals/rental_agreement_279.pdf
280,Branch-280,Peshawar,Roger Salazar,3356303,2021-03-06,2023-03-06,2,data/rentals/rental_agreement_280.pdf
281,Branch-281,Karachi,Michael Torres,3635997,2025-02-18,2029-02-17,4,data/rentals/rental_agreement_281.pdf
282,Branch-282,Karachi,Christina Hubbard,874808,2025-08-23,2026-08-23,1,data/rentals/rental_agreement_282.pdf
283,Branch-283,Faisalabad,Lisa Harris,4905324,2025-01-05,2030-01-04,5,data/rentals/rental_agreement_283.pdf
284,Branch-284,Multan,Kimberly Campbell,4794776,2023-11-17,2027-11-16,4,data/rentals/rental_agreement_284.pdf
285,Branch-285,Lahore,Cheryl Jackson,3703768,2024-10-25,2029-10-24,5,data/rentals/rental_agreement_285.pdf
286,Branch-286,Islamabad,Debra Black,770721,2021-07-02,2026-07-01,5,data/rentals/rental_agreement_286.pdf
287,Branch-287,Multan,John Turner,3904200,2024-07-20,2025-07-20,1,data/rentals/rental_agreement_287.pdf
288,Branch-288,Islamabad,Eileen Johnson,529458,2022-03-21,2027-03-20,5,data/rentals/rental_agreement_288.pdf
289,Branch-289,Multan,Joshua Sanchez,1492465,2024-06-28,2028-06-27,4,data/rentals/rental_agreement_289.pdf
290,Branch-290,Faisalabad,Sarah Bullock,834645,2023-03-29,2028-03-27,5,data/rentals/rental_agreement_290.pdf
291,Branch-291,Islamabad,Rodney Bell,1117781,2021-03-08,2022-03-08,1,data/rentals/rental_agreement_291.pdf
292,Branch-292,Lahore,William Martin,1747230,2022-10-26,2027-10-25,5,data/rentals/rental_agreement_292.pdf
293,Branch-293,Quetta,Tracy Hall,2404065,2023-09-13,2025-09-12,2,data/rentals/rental_agreement_293.pdf
294,Branch-294,Multan,Christine Newman,875364,2024-05-27,2028-05-26,4,data/rentals/rental_agreement_294.pdf
295,Branch-295,Quetta,Hayley Galvan MD,3394109,2021-12-13,2025-12-12,4,data/rentals/rental_agreement_295.pdf
296,Branch-296,Lahore,Cory Clay,1983187,2021-04-21,2025-04-20,4,data/rentals/rental_agreement_296.pdf
297,Branch-297,Multan,James Miller,898203,2023-01-11,2026-01-10,3,data/rentals/rental_agreement_297.pdf
298,Branch-298,Multan,Dr. Renee Morrison,2254519,2025-05-30,2027-05-30,2,data/rentals/rental_agreement_298.pdf
299,Branch-299,Quetta,Christopher Carr,4517266,2023-03-24,2024-03-23,1,data/rentals/rental_agreement_299.pdf
300,Branch-300,Quetta,Jennifer Mcdonald,3385548,2024-08-08,2029-08-07,5,data/rentals/rental_agreement_300.pdf
301,Branch-301,Peshawar,Dennis Day,4958775,2022-12-16,2025-12-15,3,data/rentals/rental_agreement_301.pdf
302,Branch-302,Lahore,Sabrina Silva,4346248,2024-10-30,2025-10-30,1,data/rentals/rental_agreement_302.pdf
303,Branch-303,Peshawar,Cynthia Allen,909910,2023-03-21,2024-03-20,1,data/rentals/rental_agreement_303.pdf
304,Branch-304,Islamabad,Brittany Lee,4537184,2021-07-26,2026-07-25,5,data/rentals/rental_agreement_304.pdf
305,Branch-305,Faisalabad,Emma Smith,4976830,2020-10-08,2025-10-07,5,data/rentals/rental_agreement_305.pdf
306,Branch-306,Faisalabad,Pamela Rice,747521,2023-12-28,2025-12-27,2,data/rentals/rental_agreement_306.pdf
307,Branch-307,Multan,Denise Henry,1124536,2021-11-25,2022-11-25,1,data/rentals/rental_agreement_307.pdf
308,Branch-308,Lahore,Patrick Lopez,2309179,2021-06-19,2023-06-19,2,data/rentals/rental_agreement_308.pdf
309,Branch-309,Peshawar,Cindy Parrish,2668439,2025-07-05,2026-07-05,1,data/rentals/rental_agreement_309.pdf
310,Branch-310,Faisalabad,Theresa Griffith,4129782,2024-05-10,2026-05-10,2,data/rentals/rental_agreement_310.pdf
311,Branch-311,Islamabad,Joshua Baker,778233,2021-11-14,2022-11-14,1,data/rentals/rental_agreement_311.pdf
312,Branch-312,Faisalabad,Jean Burns,3792244,2022-08-20,2023-08-20,1,data/rentals/rental_agreement_312.pdf
313,Branch-313,Islamabad,Stacy Walker,1809074,2022-03-07,2023-03-07,1,data/rentals/rental_agreement_313.pdf
314,Branch-314,Peshawar,Janet Rodriguez,2455275,2024-08-12,2028-08-11,4,data/rentals/rental_agreement_314.pdf
315,Branch-315,Faisalabad,Whitney Diaz,4725454,2025-06-21,2027-06-21,2,data/rentals/rental_agreement_315.pdf
316,Branch-316,Multan,Kristi Hamilton,3101818,2022-07-17,2025-07-16,3,data/rentals/rental_agreement_316.pdf
317,Branch-317,Peshawar,Rachel Ochoa,3135681,2022-01-17,2026-01-16,4,data/rentals/rental_agreement_317.pdf
318,Branch-318,Quetta,Catherine Johnson,2548611,2020-10-05,2024-10-04,4,data/rentals/rental_agreement_318.pdf
319,Branch-319,Lahore,Jacob Craig,1030477,2022-04-19,2027-04-18,5,data/rentals/rental_agreement_319.pdf
320,Branch-320,Multan,Jacob Andrews,1027399,2024-07-23,2026-07-23,2,data/rentals/rental_agreement_320.pdf
321,Branch-321,Islamabad,Kevin Murray,1274011,2021-03-15,2024-03-14,3,data/rentals/rental_agreement_321.pdf
322,Branch-322,Lahore,Jennifer Phelps,1275787,2024-09-08,2026-09-08,2,data/rentals/rental_agreement_322.pdf
323,Branch-323,Multan,Jill Wells,875265,2022-09-25,2023-09-25,1,data/rentals/rental_agreement_323.pdf
324,Branch-324,Peshawar,Latasha Kline MD,3674602,2023-01-26,2028-01-25,5,data/rentals/rental_agreement_324.pdf
325,Branch-325,Multan,Raymond Scott,3353365,2023-04-02,2026-04-01,3,data/rentals/rental_agreement_325.pdf
326,Branch-326,Multan,Raymond Kline,4676440,2023-09-04,2027-09-03,4,data/rentals/rental_agreement_326.pdf
327,Branch-327,Multan,Mrs. Amber Gibbs MD,1907822,2023-04-09,2026-04-08,3,data/rentals/rental_agreement_327.pdf
328,Branch-328,Faisalabad,Anthony Stewart,1106981,2023-03-09,2026-03-08,3,data/rentals/rental_agreement_328.pdf
329,Branch-329,Karachi,Susan Carson,3002339,2021-09-18,2025-09-17,4,data/rentals/rental_agreement_329.pdf
330,Branch-330,Faisalabad,Ashley Mccoy,3031259,2023-01-29,2026-01-28,3,data/rentals/rental_agreement_330.pdf
331,Branch-331,Quetta,Laura Baker,1994692,2021-12-24,2023-12-24,2,data/rentals/rental_agreement_331.pdf
332,Branch-332,Lahore,Daniel Maxwell,1307214,2025-06-23,2028-06-22,3,data/rentals/rental_agreement_332.pdf
333,Branch-333,Islamabad,Michael Christian,2125433,2023-12-21,2025-12-20,2,data/rentals/rental_agreement_333.pdf
334,Branch-334,Karachi,Elizabeth Wilson,1059729,2021-02-07,2023-02-07,2,data/rentals/rental_agreement_334.pdf
335,Branch-335,Peshawar,Mrs. Ariel Nguyen PhD,3889782,2025-04-07,2028-04-06,3,data/rentals/rental_agreement_335.pdf
336,Branch-336,Karachi,John Santos,2912707,2022-03-25,2024-03-24,2,data/rentals/rental_agreement_336.pdf
337,Branch-337,Peshawar,Julie Parsons,1109209,2024-08-23,2029-08-22,5,data/rentals/rental_agreement_337.pdf
338,Branch-338,Karachi,Krista Robertson,1732298,2025-06-24,2030-06-23,5,data/rentals/rental_agreement_338.pdf
339,Branch-339,Quetta,Ricardo Evans,1448517,2022-11-20,2024-11-19,2,data/rentals/rental_agreement_339.pdf
340,Branch-340,Multan,Henry Martinez,4870183,2023-06-23,2028-06-21,5,data/rentals/rental_agreement_340.pdf
341,Branch-341,Lahore,Kathryn Shelton,2620416,2022-03-11,2027-03-10,5,data/rentals/rental_agreement_341.pdf
342,Branch-342,Islamabad,Robert Schroeder,4467363,2023-01-15,2028-01-14,5,data/rentals/rental_agreement_342.pdf
343,Branch-343,Lahore,James Curtis,2692536,2021-04-09,2026-04-08,5,data/rentals/rental_agreement_343.pdf
344,Branch-344,Multan,Michael Smith,1082325,2022-05-09,2027-05-08,5,data/rentals/rental_agreement_344.pdf
345,Branch-345,Karachi,Pamela Hunter,3491232,2023-03-06,2024-03-05,1,data/rentals/rental_agreement_345.pdf
346,Branch-346,Multan,Tina Holder,527487,2023-01-05,2026-01-04,3,data/rentals/rental_agreement_346.pdf
347,Branch-347,Karachi,Diana Perkins,2980859,2023-05-29,2025-05-28,2,data/rentals/rental_agreement_347.pdf
348,Branch-348,Faisalabad,James Lara,661698,2025-06-02,2029-06-01,4,data/rentals/rental_agreement_348.pdf
349,Branch-349,Islamabad,Alfred Baker,1072865,2023-08-18,2025-08-17,2,data/rentals/rental_agreement_349.pdf
350,Branch-350,Islamabad,Thomas Dawson,2041291,2021-04-26,2025-04-25,4,data/rentals/rental_agreement_350.pdf
351,Branch-351,Lahore,John Mcguire,4905687,2020-11-25,2021-11-25,1,data/rentals/rental_agreement_351.pdf
352,Branch-352,Faisalabad,Joel Mayo Jr.,727619,2021-11-08,2026-11-07,5,data/rentals/rental_agreement_352.pdf
353,Branch-353,Karachi,Mrs. Gloria Harrison DVM,4262718,2022-09-15,2027-09-14,5,data/rentals/rental_agreement_353.pdf
354,Branch-354,Faisalabad,Dustin Sanchez,1994254,2025-01-11,2029-01-10,4,data/rentals/rental_agreement_354.pdf
355,Branch-355,Karachi,Marcus Richardson,4106564,2023-10-30,2026-10-29,3,data/rentals/rental_agreement_355.pdf
356,Branch-356,Faisalabad,Susan Nguyen,3235590,2024-11-28,2027-11-28,3,data/rentals/rental_agreement_356.pdf
357,Branch-357,Islamabad,Susan Sanchez,3975731,2021-03-25,2022-03-25,1,data/rentals/rental_agreement_357.pdf
358,Branch-358,Lahore,Michael Thomas,1217891,2023-08-20,2025-08-19,2,data/rentals/rental_agreement_358.pdf
359,Branch-359,Quetta,Samantha James,4524619,2020-11-23,2023-11-23,3,data/rentals/rental_agreement_359.pdf
360,Branch-360,Quetta,Linda Hughes,1662243,2025-06-07,2026-06-07,1,data/rentals/rental_agreement_360.pdf
361,Branch-361,Multan,Jane Smith,3084718,2024-03-17,2025-03-17,1,data/rentals/rental_agreement_361.pdf
362,Branch-362,Peshawar,Antonio Hamilton,2640556,2024-02-10,2026-02-09,2,data/rentals/rental_agreement_362.pdf
363,Branch-363,Islamabad,Matthew Mendoza,4006386,2023-06-24,2026-06-23,3,data/rentals/rental_agreement_363.pdf
364,Branch-364,Lahore,Robert Haley,3276289,2024-12-07,2029-12-06,5,data/rentals/rental_agreement_364.pdf
365,Branch-365,Faisalabad,Mrs. Katie Garcia DDS,3081035,2023-12-29,2028-12-27,5,data/rentals/rental_agreement_365.pdf
366,Branch-366,Peshawar,John Brennan,4187811,2025-07-07,2027-07-07,2,data/rentals/rental_agreement_366.pdf
367,Branch-367,Quetta,Anna Andrews,1601206,2022-12-21,2026-12-20,4,data/rentals/rental_agreement_367.pdf
368,Branch-368,Multan,Kevin Walker,1585243,2024-02-12,2025-02-11,1,data/rentals/rental_agreement_368.pdf
369,Branch-369,Lahore,Kathleen Gay,3100439,2025-04-26,2028-04-25,3,data/rentals/rental_agreement_369.pdf
370,Branch-370,Quetta,Jody Rojas,1808113,2022-04-23,2023-04-23,1,data/rentals/rental_agreement_370.pdf
371,Branch-371,Karachi,Richard Alexander,1264876,2024-04-27,2028-04-26,4,data/rentals/rental_agreement_371.pdf
372,Branch-372,Islamabad,Lawrence Carter,1020234,2024-12-14,2025-12-14,1,data/rentals/rental_agreement_372.pdf
373,Branch-373,Multan,Clarence Davis,2493089,2020-11-17,2022-11-17,2,data/rentals/rental_agreement_373.pdf
374,Branch-374,Islamabad,Kristin Russo,1849447,2024-09-11,2025-09-11,1,data/rentals/rental_agreement_374.pdf
375,Branch-375,Faisalabad,Holly Flynn,3384548,2023-07-16,2026-07-15,3,data/rentals/rental_agreement_375.pdf
376,Branch-376,Islamabad,Stephanie Cook,3096536,2022-11-07,2027-11-06,5,data/rentals/rental_agreement_376.pdf
377,Branch-377,Islamabad,Kelly Phillips,3282044,2022-12-26,2024-12-25,2,data/rentals/rental_agreement_377.pdf
378,Branch-378,Faisalabad,Michael Atkinson,3196531,2021-11-04,2025-11-03,4,data/rentals/rental_agreement_378.pdf
379,Branch-379,Multan,Brian Gardner,3265996,2024-01-22,2028-01-21,4,data/rentals/rental_agreement_379.pdf
380,Branch-380,Multan,Yolanda Neal,4232099,2022-04-21,2024-04-20,2,data/rentals/rental_agreement_380.pdf
381,Branch-381,Lahore,Sydney Krause,4081289,2023-12-14,2026-12-13,3,data/rentals/rental_agreement_381.pdf
382,Branch-382,Faisalabad,Michael Hood,3652319,2025-07-03,2030-07-02,5,data/rentals/rental_agreement_382.pdf
383,Branch-383,Peshawar,Patrick Daniel,3343441,2021-06-07,2023-06-07,2,data/rentals/rental_agreement_383.pdf
384,Branch-384,Lahore,James Hicks,1745245,2025-04-19,2029-04-18,4,data/rentals/rental_agreement_384.pdf
385,Branch-385,Peshawar,Vernon Gibbs,747474,2021-09-25,2022-09-25,1,data/rentals/rental_agreement_385.pdf
386,Branch-386,Faisalabad,Lori Tucker,2326074,2023-10-19,2024-10-18,1,data/rentals/rental_agreement_386.pdf
387,Branch-387,Karachi,Derek Figueroa,641487,2025-05-19,2028-05-18,3,data/rentals/rental_agreement_387.pdf
388,Branch-388,Islamabad,Rebecca Berg,1844798,2023-10-22,2028-10-20,5,data/rentals/rental_agreement_388.pdf
389,Branch-389,Quetta,Amanda Johnson,3216424,2021-02-09,2022-02-09,1,data/rentals/rental_agreement_389.pdf
390,Branch-390,Peshawar,Cassandra Pruitt,4956495,2021-03-29,2024-03-28,3,data/rentals/rental_agreement_390.pdf
391,Branch-391,Islamabad,Wendy White,3307642,2020-11-06,2023-11-06,3,data/rentals/rental_agreement_391.pdf
392,Branch-392,Islamabad,Shannon Ali,1404906,2022-02-15,2025-02-14,3,data/rentals/rental_agreement_392.pdf
393,Branch-393,Lahore,Lauren Snyder,2394001,2025-07-02,2026-07-02,1,data/rentals/rental_agreement_393.pdf
394,Branch-394,Lahore,Vincent Gray,978163,2020-11-19,2021-11-19,1,data/rentals/rental_agreement_394.pdf
395,Branch-395,Islamabad,Shannon Fritz,2682287,2021-03-08,2026-03-07,5,data/rentals/rental_agreement_395.pdf
396,Branch-396,Peshawar,Anita Brown,3184210,2021-03-08,2024-03-07,3,data/rentals/rental_agreement_396.pdf
397,Branch-397,Peshawar,Brian Hoffman,2899885,2022-08-24,2023-08-24,1,data/rentals/rental_agreement_397.pdf
398,Branch-398,Karachi,Victoria Cooper,830122,2022-03-18,2027-03-17,5,data/rentals/rental_agreement_398.pdf
399,Branch-399,Islamabad,Mrs. Nicole Levine,855711,2021-12-05,2022-12-05,1,data/rentals/rental_agreement_399.pdf
400,Branch-400,Islamabad,Edward Chen,745277,2024-06-27,2026-06-27,2,data/rentals/rental_agreement_400.pdf
401,Branch-401,Faisalabad,Jeanne Willis,2328312,2021-10-18,2023-10-18,2,data/rentals/rental_agreement_401.pdf
402,Branch-402,Faisalabad,Jennifer James,2632421,2024-08-20,2029-08-19,5,data/rentals/rental_agreement_402.pdf
403,Branch-403,Lahore,Virginia Lucas,2243127,2023-06-22,2025-06-21,2,data/rentals/rental_agreement_403.pdf
404,Branch-404,Quetta,Jacob Davis,3715499,2021-11-26,2024-11-25,3,data/rentals/rental_agreement_404.pdf
405,Branch-405,Lahore,Stephen Peterson,4158824,2022-06-08,2023-06-08,1,data/rentals/rental_agreement_405.pdf
406,Branch-406,Karachi,Zachary Morris,1931490,2023-08-22,2025-08-21,2,data/rentals/rental_agreement_406.pdf
407,Branch-407,Lahore,Morgan Preston,1958779,2020-11-19,2021-11-19,1,data/rentals/rental_agreement_407.pdf
408,Branch-408,Multan,Vanessa Barber,2179115,2022-01-30,2025-01-29,3,data/rentals/rental_agreement_408.pdf
409,Branch-409,Quetta,Megan Nunez,3930171,2024-12-14,2027-12-14,3,data/rentals/rental_agreement_409.pdf
410,Branch-410,Lahore,Robert Rodriguez,574885,2022-11-01,2024-10-31,2,data/rentals/rental_agreement_410.pdf
411,Branch-411,Quetta,Andrea Harris,4171820,2025-02-15,2028-02-15,3,data/rentals/rental_agreement_411.pdf
412,Branch-412,Islamabad,Stephen Williamson,1339037,2025-04-08,2028-04-07,3,data/rentals/rental_agreement_412.pdf
413,Branch-413,Faisalabad,Charles Jacobs DVM,4663349,2023-01-05,2026-01-04,3,data/rentals/rental_agreement_413.pdf
414,Branch-414,Islamabad,Christopher Singleton,1096759,2024-01-19,2025-01-18,1,data/rentals/rental_agreement_414.pdf
415,Branch-415,Multan,Julie Myers,3184662,2025-03-02,2027-03-02,2,data/rentals/rental_agreement_415.pdf
416,Branch-416,Islamabad,Michelle Padilla,1939753,2022-04-04,2026-04-03,4,data/rentals/rental_agreement_416.pdf
417,Branch-417,Lahore,Alexa Hernandez,1022696,2025-02-22,2027-02-22,2,data/rentals/rental_agreement_417.pdf
418,Branch-418,Quetta,Aaron Daugherty,1178678,2025-07-30,2029-07-29,4,data/rentals/rental_agreement_418.pdf
419,Branch-419,Karachi,Sheri Williams,2339745,2022-05-05,2024-05-04,2,data/rentals/rental_agreement_419.pdf
420,Branch-420,Multan,Matthew Martinez,1225871,2021-05-30,2022-05-30,1,data/rentals/rental_agreement_420.pdf
421,Branch-421,Karachi,Tina Harris,926313,2022-08-12,2027-08-11,5,data/rentals/rental_agreement_421.pdf
422,Branch-422,Karachi,Barbara Houston,2248895,2025-08-01,2027-08-01,2,data/rentals/rental_agreement_422.pdf
423,Branch-423,Faisalabad,Pamela Porter,3239165,2021-09-12,2022-09-12,1,data/rentals/rental_agreement_423.pdf
424,Branch-424,Quetta,Christina Fowler,3023177,2021-01-23,2022-01-23,1,data/rentals/rental_agreement_424.pdf
425,Branch-425,Karachi,Alexandria Knight,4157768,2022-10-02,2027-10-01,5,data/rentals/rental_agreement_425.pdf
426,Branch-426,Quetta,Dalton Gordon,4162618,2022-05-19,2027-05-18,5,data/rentals/rental_agreement_426.pdf
427,Branch-427,Peshawar,Carrie Romero,634452,2022-12-15,2026-12-14,4,data/rentals/rental_agreement_427.pdf
428,Branch-428,Peshawar,Brandy Garrett,2804934,2020-12-14,2021-12-14,1,data/rentals/rental_agreement_428.pdf
429,Branch-429,Islamabad,Mary Dunn,3474192,2021-01-16,2023-01-16,2,data/rentals/rental_agreement_429.pdf
430,Branch-430,Lahore,Mary Moore,4171770,2022-11-24,2023-11-24,1,data/rentals/rental_agreement_430.pdf
431,Branch-431,Multan,David Phillips,2327016,2022-07-25,2027-07-24,5,data/rentals/rental_agreement_431.pdf
432,Branch-432,Multan,Samantha Moore,1489397,2024-04-25,2028-04-24,4,data/rentals/rental_agreement_432.pdf
433,Branch-433,Lahore,Jack Barber,4134449,2021-04-13,2025-04-12,4,data/rentals/rental_agreement_433.pdf
434,Branch-434,Faisalabad,Deanna Rogers,2655646,2023-04-12,2027-04-11,4,data/rentals/rental_agreement_434.pdf
435,Branch-435,Peshawar,Thomas Rowe,2740290,2024-06-01,2027-06-01,3,data/rentals/rental_agreement_435.pdf
436,Branch-436,Karachi,Jonathan Ortiz,4752461,2024-09-29,2025-09-29,1,data/rentals/rental_agreement_436.pdf
437,Branch-437,Islamabad,Morgan Brown,4418419,2023-12-27,2024-12-26,1,data/rentals/rental_agreement_437.pdf
438,Branch-438,Faisalabad,John Klein,963097,2025-03-07,2028-03-06,3,data/rentals/rental_agreement_438.pdf
439,Branch-439,Faisalabad,Brett Davis,640592,2023-07-26,2028-07-24,5,data/rentals/rental_agreement_439.pdf
440,Branch-440,Quetta,Jeremy Calhoun,4524541,2022-07-25,2025-07-24,3,data/rentals/rental_agreement_440.pdf
441,Branch-441,Faisalabad,Rachael Delacruz,1179759,2024-07-02,2027-07-02,3,data/rentals/rental_agreement_441.pdf
442,Branch-442,Karachi,George Mcdowell,3271582,2022-11-19,2025-11-18,3,data/rentals/rental_agreement_442.pdf
443,Branch-443,Multan,Susan Gibbs,2002881,2025-08-09,2027-08-09,2,data/rentals/rental_agreement_443.pdf
444,Branch-444,Islamabad,Paula Huang,2175159,2022-04-05,2024-04-04,2,data/rentals/rental_agreement_444.pdf
445,Branch-445,Islamabad,Laura Williams,1957564,2024-06-09,2026-06-09,2,data/rentals/rental_agreement_445.pdf
446,Branch-446,Multan,Devin Rocha,640234,2022-01-23,2026-01-22,4,data/rentals/rental_agreement_446.pdf
447,Branch-447,Faisalabad,Bryan Cantu,3841713,2025-03-17,2026-03-17,1,data/rentals/rental_agreement_447.pdf
448,Branch-448,Peshawar,Lauren Duncan,4620568,2024-06-13,2026-06-13,2,data/rentals/rental_agreement_448.pdf
449,Branch-449,Islamabad,Katherine Sanders,4898298,2025-01-21,2028-01-21,3,data/rentals/rental_agreement_449.pdf
450,Branch-450,Peshawar,Scott Sutton,1271238,2022-11-24,2027-11-23,5,data/rentals/rental_agreement_450.pdf
451,Branch-451,Karachi,Yolanda Harris,848395,2021-05-22,2024-05-21,3,data/rentals/rental_agreement_451.pdf
452,Branch-452,Islamabad,Chelsea Ramirez,2701509,2023-08-04,2026-08-03,3,data/rentals/rental_agreement_452.pdf
453,Branch-453,Faisalabad,Kimberly Mcintosh,633762,2024-12-11,2029-12-10,5,data/rentals/rental_agreement_453.pdf
454,Branch-454,Faisalabad,Joshua Hansen,872001,2023-06-24,2027-06-23,4,data/rentals/rental_agreement_454.pdf
455,Branch-455,Faisalabad,Sheryl Kelly,1346967,2022-02-22,2024-02-22,2,data/rentals/rental_agreement_455.pdf
456,Branch-456,Multan,Timothy Phillips,4770533,2024-07-15,2029-07-14,5,data/rentals/rental_agreement_456.pdf
457,Branch-457,Multan,Elizabeth Diaz,1846519,2021-12-14,2026-12-13,5,data/rentals/rental_agreement_457.pdf
458,Branch-458,Lahore,Jeffery Crawford,4459874,2025-01-01,2028-12-31,4,data/rentals/rental_agreement_458.pdf
459,Branch-459,Peshawar,Timothy Burns,2498764,2022-07-31,2027-07-30,5,data/rentals/rental_agreement_459.pdf
460,Branch-460,Islamabad,Emily White,4336321,2025-07-23,2029-07-22,4,data/rentals/rental_agreement_460.pdf
461,Branch-461,Islamabad,Edward Russell,560279,2025-08-01,2029-07-31,4,data/rentals/rental_agreement_461.pdf
462,Branch-462,Peshawar,Laura Moses,863590,2024-10-27,2025-10-27,1,data/rentals/rental_agreement_462.pdf
463,Branch-463,Peshawar,Heidi Stout,2940550,2023-01-29,2027-01-28,4,data/rentals/rental_agreement_463.pdf
464,Branch-464,Quetta,James Little,1054538,2022-05-08,2026-05-07,4,data/rentals/rental_agreement_464.pdf
465,Branch-465,Quetta,Matthew Davis,4604349,2021-03-19,2026-03-18,5,data/rentals/rental_agreement_465.pdf
466,Branch-466,Lahore,Lisa Cox,4908648,2021-07-12,2026-07-11,5,data/rentals/rental_agreement_466.pdf
467,Branch-467,Faisalabad,Carrie Trujillo,4677340,2023-08-12,2024-08-11,1,data/rentals/rental_agreement_467.pdf
468,Branch-468,Faisalabad,Marcus Fitzgerald,4689327,2022-05-17,2027-05-16,5,data/rentals/rental_agreement_468.pdf
469,Branch-469,Karachi,Anna Phillips,857210,2023-01-31,2026-01-30,3,data/rentals/rental_agreement_469.pdf
470,Branch-470,Karachi,Dr. James Garner,2029299,2021-09-10,2025-09-09,4,data/rentals/rental_agreement_470.pdf
471,Branch-471,Quetta,Nicholas Nguyen,1854740,2025-07-02,2026-07-02,1,data/rentals/rental_agreement_471.pdf
472,Branch-472,Peshawar,James Garrett,2604527,2021-09-15,2026-09-14,5,data/rentals/rental_agreement_472.pdf
473,Branch-473,Peshawar,Dominic Stephenson,3168658,2025-03-11,2027-03-11,2,data/rentals/rental_agreement_473.pdf
474,Branch-474,Peshawar,Joshua Whitney,4724902,2025-07-09,2028-07-08,3,data/rentals/rental_agreement_474.pdf
475,Branch-475,Karachi,Stacy Alexander,517063,2020-12-31,2024-12-30,4,data/rentals/rental_agreement_475.pdf
476,Branch-476,Karachi,Joseph Wilson,3762694,2021-02-28,2025-02-27,4,data/rentals/rental_agreement_476.pdf
477,Branch-477,Faisalabad,Robert Bell,2935932,2023-01-19,2026-01-18,3,data/rentals/rental_agreement_477.pdf
478,Branch-478,Quetta,Heather Miller,1297498,2022-08-14,2025-08-13,3,data/rentals/rental_agreement_478.pdf
479,Branch-479,Karachi,Alejandro Olson MD,1261861,2024-12-08,2028-12-07,4,data/rentals/rental_agreement_479.pdf
480,Branch-480,Quetta,Jamie Evans,1097034,2024-09-17,2025-09-17,1,data/rentals/rental_agreement_480.pdf
481,Branch-481,Peshawar,Eric Hughes,1277555,2020-10-20,2023-10-20,3,data/rentals/rental_agreement_481.pdf
482,Branch-482,Multan,Connie Steele,4060980,2022-02-06,2025-02-05,3,data/rentals/rental_agreement_482.pdf
483,Branch-483,Peshawar,Michael Phillips,4088941,2021-07-23,2024-07-22,3,data/rentals/rental_agreement_483.pdf
484,Branch-484,Karachi,Michael Hughes,4022867,2025-05-06,2030-05-05,5,data/rentals/rental_agreement_484.pdf
485,Branch-485,Quetta,Rachel Mendoza,636959,2023-05-27,2028-05-25,5,data/rentals/rental_agreement_485.pdf
486,Branch-486,Faisalabad,Matthew Lewis,4908786,2022-12-13,2025-12-12,3,data/rentals/rental_agreement_486.pdf
487,Branch-487,Lahore,Samantha Pace,4975584,2024-04-11,2025-04-11,1,data/rentals/rental_agreement_487.pdf
488,Branch-488,Islamabad,Jessica Kane,3374250,2023-02-19,2024-02-19,1,data/rentals/rental_agreement_488.pdf
489,Branch-489,Karachi,Debra Gray,3021797,2024-07-07,2026-07-07,2,data/rentals/rental_agreement_489.pdf
490,Branch-490,Peshawar,Amy Cunningham,4432663,2020-09-25,2021-09-25,1,data/rentals/rental_agreement_490.pdf
491,Branch-491,Lahore,Steven Simon,4972813,2021-08-25,2026-08-24,5,data/rentals/rental_agreement_491.pdf
492,Branch-492,Karachi,Kelly Martin,1196870,2023-06-03,2026-06-02,3,data/rentals/rental_agreement_492.pdf
493,Branch-493,Multan,Christopher Moreno,3597330,2023-01-06,2027-01-05,4,data/rentals/rental_agreement_493.pdf
494,Branch-494,Peshawar,Deanna West,1184658,2020-12-03,2021-12-03,1,data/rentals/rental_agreement_494.pdf
495,Branch-495,Multan,Timothy Holmes,737023,2021-09-24,2025-09-23,4,data/rentals/rental_agreement_495.pdf
496,Branch-496,Quetta,Matthew Henson,3663344,2022-10-21,2026-10-20,4,data/rentals/rental_agreement_496.pdf
497,Branch-497,Peshawar,Craig Byrd,4426702,2025-02-01,2026-02-01,1,data/rentals/rental_agreement_497.pdf
498,Branch-498,Multan,Rachel Butler,953985,2021-12-16,2026-12-15,5,data/rentals/rental_agreement_498.pdf
499,Branch-499,Multan,Marcus Gallegos,3241713,2022-07-16,2023-07-16,1,data/rentals/rental_agreement_499.pdf
500,Branch-500,Multan,Roy Olson,1833048,2020-10-26,2025-10-25,5,data/rentals/rental_agreement_500.pdf
501,Branch-501,Faisalabad,Brenda Dyer,3775791,2025-07-19,2028-07-18,3,data/rentals/rental_agreement_501.pdf
502,Branch-502,Quetta,Luke Li,1273721,2024-06-27,2028-06-26,4,data/rentals/rental_agreement_502.pdf
503,Branch-503,Islamabad,Amber Walter,4538740,2024-02-10,2026-02-09,2,data/rentals/rental_agreement_503.pdf
504,Branch-504,Karachi,Darlene Fletcher,2649739,2021-06-14,2024-06-13,3,data/rentals/rental_agreement_504.pdf
505,Branch-505,Karachi,Jennifer Montoya,4022565,2021-06-01,2023-06-01,2,data/rentals/rental_agreement_505.pdf
506,Branch-506,Multan,Scott Hines,2265672,2022-04-27,2026-04-26,4,data/rentals/rental_agreement_506.pdf
507,Branch-507,Karachi,Danielle Cannon,4940234,2022-11-20,2027-11-19,5,data/rentals/rental_agreement_507.pdf
508,Branch-508,Peshawar,Steve Callahan,3306022,2021-02-28,2023-02-28,2,data/rentals/rental_agreement_508.pdf
509,Branch-509,Quetta,James Jackson,2994324,2023-04-15,2025-04-14,2,data/rentals/rental_agreement_509.pdf
510,Branch-510,Multan,Taylor Moore,1351920,2022-06-29,2024-06-28,2,data/rentals/rental_agreement_510.pdf
511,Branch-511,Multan,Dennis Moore,3972336,2022-04-22,2026-04-21,4,data/rentals/rental_agreement_511.pdf
512,Branch-512,Lahore,Jason Henderson,1071109,2021-04-22,2023-04-22,2,data/rentals/rental_agreement_512.pdf
513,Branch-513,Islamabad,Kevin Leon,1373828,2025-03-31,2027-03-31,2,data/rentals/rental_agreement_513.pdf
514,Branch-514,Multan,Dana Moss,1096593,2025-06-21,2026-06-21,1,data/rentals/rental_agreement_514.pdf
515,Branch-515,Quetta,Michael Morris,2076804,2025-04-06,2028-04-05,3,data/rentals/rental_agreement_515.pdf
516,Branch-516,Lahore,Cameron Petersen,2930827,2021-07-30,2023-07-30,2,data/rentals/rental_agreement_516.pdf
517,Branch-517,Karachi,Courtney Davis,1264336,2022-03-05,2025-03-04,3,data/rentals/rental_agreement_517.pdf
518,Branch-518,Faisalabad,David Berry,4194078,2021-01-01,2022-01-01,1,data/rentals/rental_agreement_518.pdf
519,Branch-519,Peshawar,Michael Lopez,546602,2025-01-07,2029-01-06,4,data/rentals/rental_agreement_519.pdf
520,Branch-520,Peshawar,Cathy Castaneda,1204736,2025-04-13,2027-04-13,2,data/rentals/rental_agreement_520.pdf
521,Branch-521,Faisalabad,Mark Jennings,4795625,2023-01-01,2024-01-01,1,data/rentals/rental_agreement_521.pdf
522,Branch-522,Quetta,Nichole Benton,3032241,2021-08-25,2023-08-25,2,data/rentals/rental_agreement_522.pdf
523,Branch-523,Peshawar,Johnathan Brown,1754785,2025-05-10,2029-05-09,4,data/rentals/rental_agreement_523.pdf
524,Branch-524,Quetta,Dustin Walker,2944873,2024-01-30,2028-01-29,4,data/rentals/rental_agreement_524.pdf
525,Branch-525,Islamabad,Deborah Smith,1455957,2022-04-13,2025-04-12,3,data/rentals/rental_agreement_525.pdf
526,Branch-526,Karachi,Laurie Huang,3650727,2021-07-27,2024-07-26,3,data/rentals/rental_agreement_526.pdf
527,Branch-527,Peshawar,Mr. Stephen Shaw DDS,3757025,2022-04-19,2025-04-18,3,data/rentals/rental_agreement_527.pdf
528,Branch-528,Peshawar,Michael Gibson,1152845,2020-11-19,2021-11-19,1,data/rentals/rental_agreement_528.pdf
529,Branch-529,Islamabad,Christina Garcia,4754044,2021-11-10,2023-11-10,2,data/rentals/rental_agreement_529.pdf
530,Branch-530,Multan,James King,1556844,2023-11-07,2025-11-06,2,data/rentals/rental_agreement_530.pdf
531,Branch-531,Faisalabad,Kevin Kelley,4347898,2021-05-09,2026-05-08,5,data/rentals/rental_agreement_531.pdf
532,Branch-532,Islamabad,Jennifer Harrison,3530399,2023-08-23,2027-08-22,4,data/rentals/rental_agreement_532.pdf
533,Branch-533,Karachi,Cindy Sexton,1590958,2020-11-30,2024-11-29,4,data/rentals/rental_agreement_533.pdf
534,Branch-534,Karachi,Kelly Owen,1937987,2020-11-11,2024-11-10,4,data/rentals/rental_agreement_534.pdf
535,Branch-535,Lahore,Robert Nash,3854538,2022-07-27,2027-07-26,5,data/rentals/rental_agreement_535.pdf
536,Branch-536,Peshawar,Ruben Sullivan,1788470,2021-01-08,2025-01-07,4,data/rentals/rental_agreement_536.pdf
537,Branch-537,Karachi,Jim Mason,4530907,2020-10-05,2021-10-05,1,data/rentals/rental_agreement_537.pdf
538,Branch-538,Faisalabad,Jeffrey Robinson,1643488,2023-09-21,2028-09-19,5,data/rentals/rental_agreement_538.pdf
539,Branch-539,Faisalabad,Alexis Villa,4184777,2020-10-28,2022-10-28,2,data/rentals/rental_agreement_539.pdf
540,Branch-540,Karachi,Jose Smith,1430953,2025-07-04,2029-07-03,4,data/rentals/rental_agreement_540.pdf
541,Branch-541,Faisalabad,Cathy Green,3535169,2022-04-12,2023-04-12,1,data/rentals/rental_agreement_541.pdf
542,Branch-542,Lahore,Richard Hopkins Jr.,3149355,2025-02-13,2029-02-12,4,data/rentals/rental_agreement_542.pdf
543,Branch-543,Faisalabad,Mary Hall,3230881,2022-09-04,2024-09-03,2,data/rentals/rental_agreement_543.pdf
544,Branch-544,Islamabad,Mary Coffey,4371420,2023-07-18,2024-07-17,1,data/rentals/rental_agreement_544.pdf
545,Branch-545,Islamabad,Kelly Garcia,1720787,2024-10-17,2027-10-17,3,data/rentals/rental_agreement_545.pdf
546,Branch-546,Faisalabad,Leah Duran,4037770,2022-03-11,2025-03-10,3,data/rentals/rental_agreement_546.pdf
547,Branch-547,Multan,Alyssa Harrell,1213461,2024-12-13,2029-12-12,5,data/rentals/rental_agreement_547.pdf
548,Branch-548,Faisalabad,Michael Little,1037661,2021-11-09,2026-11-08,5,data/rentals/rental_agreement_548.pdf
549,Branch-549,Karachi,Melissa Wagner,2092037,2021-04-13,2023-04-13,2,data/rentals/rental_agreement_549.pdf
550,Branch-550,Karachi,Michelle Ramsey,4607074,2021-06-27,2026-06-26,5,data/rentals/rental_agreement_550.pdf
551,Branch-551,Karachi,Regina Duncan,2459063,2024-02-10,2027-02-09,3,data/rentals/rental_agreement_551.pdf
552,Branch-552,Quetta,Christopher Riley,4632516,2022-11-27,2025-11-26,3,data/rentals/rental_agreement_552.pdf
553,Branch-553,Karachi,Charles Brown,4404914,2024-06-29,2028-06-28,4,data/rentals/rental_agreement_553.pdf
554,Branch-554,Islamabad,Anthony Fernandez,4370993,2020-12-06,2021-12-06,1,data/rentals/rental_agreement_554.pdf
555,Branch-555,Quetta,Nicholas Bowers,4895713,2021-01-13,2022-01-13,1,data/rentals/rental_agreement_555.pdf
556,Branch-556,Quetta,Lee Scott,4461112,2023-02-26,2027-02-25,4,data/rentals/rental_agreement_556.pdf
557,Branch-557,Multan,Dawn Calderon,4590648,2024-09-10,2026-09-10,2,data/rentals/rental_agreement_557.pdf
558,Branch-558,Multan,Alexander Pace,2374251,2023-09-23,2027-09-22,4,data/rentals/rental_agreement_558.pdf
559,Branch-559,Quetta,Jose Spencer,657087,2023-10-04,2027-10-03,4,data/rentals/rental_agreement_559.pdf
560,Branch-560,Islamabad,Elizabeth Scott,4975413,2025-01-22,2027-01-22,2,data/rentals/rental_agreement_560.pdf
561,Branch-561,Faisalabad,Kyle Davila,3495307,2023-05-30,2026-05-29,3,data/rentals/rental_agreement_561.pdf
562,Branch-562,Islamabad,Christine Smith,748211,2024-10-11,2029-10-10,5,data/rentals/rental_agreement_562.pdf
563,Branch-563,Faisalabad,Jasmine Mueller,3158206,2020-11-10,2022-11-10,2,data/rentals/rental_agreement_563.pdf
564,Branch-564,Faisalabad,Joseph Grant,911477,2023-07-09,2025-07-08,2,data/rentals/rental_agreement_564.pdf
565,Branch-565,Faisalabad,Tamara Petersen,2925716,2023-06-16,2027-06-15,4,data/rentals/rental_agreement_565.pdf
566,Branch-566,Quetta,Jorge Stark,1273922,2022-09-19,2024-09-18,2,data/rentals/rental_agreement_566.pdf
567,Branch-567,Karachi,Katherine Hernandez,4172518,2021-05-12,2022-05-12,1,data/rentals/rental_agreement_567.pdf
568,Branch-568,Peshawar,Paul Cameron,1223465,2023-12-05,2025-12-04,2,data/rentals/rental_agreement_568.pdf
569,Branch-569,Quetta,Ashley Dunn,4976641,2024-08-23,2026-08-23,2,data/rentals/rental_agreement_569.pdf
570,Branch-570,Lahore,Kerry Harrison,2781434,2024-07-01,2028-06-30,4,data/rentals/rental_agreement_570.pdf
571,Branch-571,Islamabad,Kathryn Payne,3589734,2024-09-18,2025-09-18,1,data/rentals/rental_agreement_571.pdf
572,Branch-572,Islamabad,Sarah Martinez,3764970,2021-12-10,2023-12-10,2,data/rentals/rental_agreement_572.pdf
573,Branch-573,Faisalabad,Sarah Williams,2698906,2024-03-09,2026-03-09,2,data/rentals/rental_agreement_573.pdf
574,Branch-574,Faisalabad,Kathleen Thompson,1632149,2024-06-18,2026-06-18,2,data/rentals/rental_agreement_574.pdf
575,Branch-575,Faisalabad,Andrew Garcia,2908130,2025-06-12,2029-06-11,4,data/rentals/rental_agreement_575.pdf
576,Branch-576,Peshawar,Dylan Howe,3847835,2024-09-20,2026-09-20,2,data/rentals/rental_agreement_576.pdf
577,Branch-577,Karachi,Sarah Gray,1364534,2021-07-30,2023-07-30,2,data/rentals/rental_agreement_577.pdf
578,Branch-578,Quetta,Mark Alexander,3449931,2021-03-15,2023-03-15,2,data/rentals/rental_agreement_578.pdf
579,Branch-579,Karachi,Melissa Herrera,2268234,2021-10-23,2025-10-22,4,data/rentals/rental_agreement_579.pdf
580,Branch-580,Multan,Sean Morrison,4632990,2020-11-24,2023-11-24,3,data/rentals/rental_agreement_580.pdf
581,Branch-581,Karachi,Christine Smith,3206156,2025-07-31,2028-07-30,3,data/rentals/rental_agreement_581.pdf
582,Branch-582,Peshawar,Anthony Liu,1964006,2024-03-04,2028-03-03,4,data/rentals/rental_agreement_582.pdf
583,Branch-583,Islamabad,Shawn Martin,927797,2021-02-11,2024-02-11,3,data/rentals/rental_agreement_583.pdf
584,Branch-584,Lahore,Juan Huff,1101579,2024-07-10,2026-07-10,2,data/rentals/rental_agreement_584.pdf
585,Branch-585,Karachi,Kelly Thomas,1167495,2021-11-01,2025-10-31,4,data/rentals/rental_agreement_585.pdf
586,Branch-586,Lahore,Andrew Pena,3397054,2025-02-06,2028-02-06,3,data/rentals/rental_agreement_586.pdf
587,Branch-587,Lahore,Thomas Cross,4923088,2025-03-14,2027-03-14,2,data/rentals/rental_agreement_587.pdf
588,Branch-588,Faisalabad,Jessica Wolf,3311850,2020-11-27,2023-11-27,3,data/rentals/rental_agreement_588.pdf
589,Branch-589,Multan,Courtney Bryant,1655645,2022-05-26,2026-05-25,4,data/rentals/rental_agreement_589.pdf
590,Branch-590,Faisalabad,Gail Smith,3030457,2024-01-12,2025-01-11,1,data/rentals/rental_agreement_590.pdf
591,Branch-591,Islamabad,Patrick Church,2066690,2021-09-25,2022-09-25,1,data/rentals/rental_agreement_591.pdf
592,Branch-592,Lahore,Jill Wood,3778140,2021-07-23,2024-07-22,3,data/rentals/rental_agreement_592.pdf
593,Branch-593,Islamabad,Christopher Lopez,1212161,2024-03-12,2025-03-12,1,data/rentals/rental_agreement_593.pdf
594,Branch-594,Faisalabad,Nicole Bond,1244723,2022-12-03,2024-12-02,2,data/rentals/rental_agreement_594.pdf
595,Branch-595,Quetta,Jeffrey Calhoun,876976,2024-06-01,2028-05-31,4,data/rentals/rental_agreement_595.pdf
596,Branch-596,Peshawar,Anthony Deleon,3294405,2022-11-12,2024-11-11,2,data/rentals/rental_agreement_596.pdf
597,Branch-597,Islamabad,James Johnson,2697931,2023-06-09,2024-06-08,1,data/rentals/rental_agreement_597.pdf
598,Branch-598,Multan,Jose Mooney,1573775,2022-09-04,2026-09-03,4,data/rentals/rental_agreement_598.pdf
599,Branch-599,Faisalabad,Robert Jones,1303137,2022-12-15,2027-12-14,5,data/rentals/rental_agreement_599.pdf
600,Branch-600,Lahore,Calvin Adkins,4699127,2023-06-12,2024-06-11,1,data/rentals/rental_agreement_600.pdf
601,Branch-601,Lahore,Mrs. Deborah Sullivan,2405144,2020-11-15,2025-11-14,5,data/rentals/rental_agreement_601.pdf
602,Branch-602,Quetta,Anthony Ramirez,552824,2025-03-01,2029-02-28,4,data/rentals/rental_agreement_602.pdf
603,Branch-603,Multan,Alexander Costa,3095208,2021-09-23,2024-09-22,3,data/rentals/rental_agreement_603.pdf
604,Branch-604,Peshawar,Matthew Vaughn,1200782,2025-05-03,2029-05-02,4,data/rentals/rental_agreement_604.pdf
605,Branch-605,Islamabad,Thomas Stanton,2710559,2022-01-16,2024-01-16,2,data/rentals/rental_agreement_605.pdf
606,Branch-606,Quetta,Samantha Stephens,1423996,2024-10-25,2028-10-24,4,data/rentals/rental_agreement_606.pdf
607,Branch-607,Multan,Jennifer Stewart,3477649,2021-01-19,2022-01-19,1,data/rentals/rental_agreement_607.pdf
608,Branch-608,Multan,Casey Carroll,913764,2021-03-03,2025-03-02,4,data/rentals/rental_agreement_608.pdf
609,Branch-609,Peshawar,Tanya Hughes,1648925,2024-07-27,2028-07-26,4,data/rentals/rental_agreement_609.pdf
610,Branch-610,Lahore,Timothy Garcia,2161657,2023-05-06,2026-05-05,3,data/rentals/rental_agreement_610.pdf
611,Branch-611,Lahore,Misty King,4697827,2024-07-04,2025-07-04,1,data/rentals/rental_agreement_611.pdf
612,Branch-612,Faisalabad,Meredith Hernandez,695437,2022-04-30,2025-04-29,3,data/rentals/rental_agreement_612.pdf
613,Branch-613,Quetta,Kenneth Kline,2533218,2025-07-27,2030-07-26,5,data/rentals/rental_agreement_613.pdf
614,Branch-614,Quetta,Scott Yang,4257833,2021-05-29,2024-05-28,3,data/rentals/rental_agreement_614.pdf
615,Branch-615,Quetta,Bradley Price,688547,2025-01-20,2027-01-20,2,data/rentals/rental_agreement_615.pdf
616,Branch-616,Lahore,Bruce Dixon,1847468,2024-03-06,2025-03-06,1,data/rentals/rental_agreement_616.pdf
617,Branch-617,Multan,Deanna Rosales,2065435,2021-07-10,2023-07-10,2,data/rentals/rental_agreement_617.pdf
618,Branch-618,Peshawar,Mark Hanson,2785206,2023-12-10,2028-12-08,5,data/rentals/rental_agreement_618.pdf
619,Branch-619,Multan,Krista Ross,2039690,2021-07-03,2022-07-03,1,data/rentals/rental_agreement_619.pdf
620,Branch-620,Islamabad,Pamela Thompson,576132,2021-03-03,2024-03-02,3,data/rentals/rental_agreement_620.pdf
621,Branch-621,Multan,Kelly Johnson,4040384,2022-11-29,2024-11-28,2,data/rentals/rental_agreement_621.pdf
622,Branch-622,Lahore,Emily Moore,2558910,2024-01-08,2026-01-07,2,data/rentals/rental_agreement_622.pdf
623,Branch-623,Quetta,Gary Rodgers,3098328,2023-08-03,2025-08-02,2,data/rentals/rental_agreement_623.pdf
624,Branch-624,Faisalabad,James Burns,4597954,2025-01-20,2026-01-20,1,data/rentals/rental_agreement_624.pdf
625,Branch-625,Peshawar,Angela Flores,2547386,2022-08-08,2023-08-08,1,data/rentals/rental_agreement_625.pdf
626,Branch-626,Islamabad,Sheryl Arroyo,1552313,2023-06-30,2028-06-28,5,data/rentals/rental_agreement_626.pdf
627,Branch-627,Karachi,Annette Christensen,2188276,2024-02-24,2026-02-23,2,data/rentals/rental_agreement_627.pdf
628,Branch-628,Islamabad,Megan Little,1020290,2024-07-10,2028-07-09,4,data/rentals/rental_agreement_628.pdf
629,Branch-629,Multan,Lori Jackson,741047,2023-05-28,2027-05-27,4,data/rentals/rental_agreement_629.pdf
630,Branch-630,Lahore,Betty Lopez,3048127,2021-04-09,2022-04-09,1,data/rentals/rental_agreement_630.pdf
631,Branch-631,Multan,Kyle Yang,4496379,2022-07-22,2026-07-21,4,data/rentals/rental_agreement_631.pdf
632,Branch-632,Faisalabad,Amber Dean,2274903,2022-02-25,2023-02-25,1,data/rentals/rental_agreement_632.pdf
633,Branch-633,Quetta,Monica Owens,924366,2024-05-11,2029-05-10,5,data/rentals/rental_agreement_633.pdf
634,Branch-634,Peshawar,Shawna Dickerson,4148652,2021-02-08,2025-02-07,4,data/rentals/rental_agreement_634.pdf
635,Branch-635,Multan,Tyler Simmons,4332324,2024-08-04,2028-08-03,4,data/rentals/rental_agreement_635.pdf
636,Branch-636,Islamabad,Melanie Gonzalez,1421568,2021-06-27,2023-06-27,2,data/rentals/rental_agreement_636.pdf
637,Branch-637,Faisalabad,Kevin Brooks,3810897,2025-08-19,2027-08-19,2,data/rentals/rental_agreement_637.pdf
638,Branch-638,Multan,David Jones,930646,2024-06-28,2027-06-28,3,data/rentals/rental_agreement_638.pdf
639,Branch-639,Islamabad,Heather Burns,4257905,2023-12-09,2028-12-07,5,data/rentals/rental_agreement_639.pdf
640,Branch-640,Karachi,Maria Adams,2299369,2025-09-04,2030-09-03,5,data/rentals/rental_agreement_640.pdf
641,Branch-641,Karachi,Brandon Harris,571156,2024-06-04,2029-06-03,5,data/rentals/rental_agreement_641.pdf
642,Branch-642,Lahore,Norman Thompson Jr.,4329636,2023-01-02,2025-01-01,2,data/rentals/rental_agreement_642.pdf
643,Branch-643,Faisalabad,Angela Bell,1349181,2022-10-10,2025-10-09,3,data/rentals/rental_agreement_643.pdf
644,Branch-644,Quetta,Christopher Mendoza,3458053,2022-10-11,2024-10-10,2,data/rentals/rental_agreement_644.pdf
645,Branch-645,Islamabad,Tyler James,2090088,2025-07-11,2028-07-10,3,data/rentals/rental_agreement_645.pdf
646,Branch-646,Lahore,Alice Cruz,666642,2022-11-29,2026-11-28,4,data/rentals/rental_agreement_646.pdf
647,Branch-647,Faisalabad,Christopher Ramirez,4197301,2023-03-27,2024-03-26,1,data/rentals/rental_agreement_647.pdf
648,Branch-648,Lahore,Steven Simpson,1390033,2023-04-23,2025-04-22,2,data/rentals/rental_agreement_648.pdf
649,Branch-649,Islamabad,Angela Davis,1003056,2020-12-04,2024-12-03,4,data/rentals/rental_agreement_649.pdf
650,Branch-650,Peshawar,Angela Carter,1099196,2022-09-30,2023-09-30,1,data/rentals/rental_agreement_650.pdf
651,Branch-651,Islamabad,Jessica Liu,3305612,2021-11-08,2023-11-08,2,data/rentals/rental_agreement_651.pdf
652,Branch-652,Lahore,Jessica Curry,1258462,2025-07-07,2030-07-06,5,data/rentals/rental_agreement_652.pdf
653,Branch-653,Lahore,John Potter,3578595,2021-01-10,2026-01-09,5,data/rentals/rental_agreement_653.pdf
654,Branch-654,Karachi,Timothy Stone,4618226,2022-07-01,2026-06-30,4,data/rentals/rental_agreement_654.pdf
655,Branch-655,Lahore,Brittany Stanley,3259571,2021-06-24,2026-06-23,5,data/rentals/rental_agreement_655.pdf
656,Branch-656,Karachi,Dawn Jackson,533785,2022-03-28,2023-03-28,1,data/rentals/rental_agreement_656.pdf
657,Branch-657,Multan,Jennifer Hoover,2302029,2021-05-11,2022-05-11,1,data/rentals/rental_agreement_657.pdf
658,Branch-658,Peshawar,Rachel Velazquez,1839012,2022-03-06,2023-03-06,1,data/rentals/rental_agreement_658.pdf
659,Branch-659,Islamabad,Kristen Brown,4287889,2020-10-17,2024-10-16,4,data/rentals/rental_agreement_659.pdf
660,Branch-660,Peshawar,Jeffery Mendez,1622113,2025-01-04,2029-01-03,4,data/rentals/rental_agreement_660.pdf
661,Branch-661,Islamabad,Michael Miller,2688462,2022-03-24,2026-03-23,4,data/rentals/rental_agreement_661.pdf
662,Branch-662,Multan,Lauren Johnson,4149102,2022-08-10,2025-08-09,3,data/rentals/rental_agreement_662.pdf
663,Branch-663,Lahore,Amanda Hanson,2979310,2024-11-02,2028-11-01,4,data/rentals/rental_agreement_663.pdf
664,Branch-664,Peshawar,Wendy Burke,724785,2021-01-04,2023-01-04,2,data/rentals/rental_agreement_664.pdf
665,Branch-665,Multan,Cristina Miller,1158002,2021-11-10,2025-11-09,4,data/rentals/rental_agreement_665.pdf
666,Branch-666,Faisalabad,Brian Moore,4242532,2021-12-09,2022-12-09,1,data/rentals/rental_agreement_666.pdf
667,Branch-667,Peshawar,Kimberly Watson,2991163,2025-06-09,2029-06-08,4,data/rentals/rental_agreement_667.pdf
668,Branch-668,Islamabad,Jason Rose,2048316,2023-05-04,2024-05-03,1,data/rentals/rental_agreement_668.pdf
669,Branch-669,Multan,Michael Wright,598499,2024-06-24,2028-06-23,4,data/rentals/rental_agreement_669.pdf
670,Branch-670,Lahore,Tammy Shields,3486707,2021-06-25,2023-06-25,2,data/rentals/rental_agreement_670.pdf
671,Branch-671,Islamabad,Yolanda Harvey,4925969,2021-02-12,2026-02-11,5,data/rentals/rental_agreement_671.pdf
672,Branch-672,Islamabad,Ian Wiggins,629070,2025-08-21,2027-08-21,2,data/rentals/rental_agreement_672.pdf
673,Branch-673,Lahore,Kari Diaz,1053611,2024-11-29,2027-11-29,3,data/rentals/rental_agreement_673.pdf
674,Branch-674,Faisalabad,Jeffrey Kelley,4715121,2024-09-01,2026-09-01,2,data/rentals/rental_agreement_674.pdf
675,Branch-675,Faisalabad,Brian Owens,4354900,2022-08-09,2026-08-08,4,data/rentals/rental_agreement_675.pdf
676,Branch-676,Faisalabad,Barry Harris,1360004,2022-10-10,2024-10-09,2,data/rentals/rental_agreement_676.pdf
677,Branch-677,Karachi,Joseph Shaw,1403280,2025-01-24,2029-01-23,4,data/rentals/rental_agreement_677.pdf
678,Branch-678,Karachi,Valerie Perez,1542646,2024-07-27,2025-07-27,1,data/rentals/rental_agreement_678.pdf
679,Branch-679,Faisalabad,Drew Fields,2646321,2023-10-31,2025-10-30,2,data/rentals/rental_agreement_679.pdf
680,Branch-680,Karachi,Olivia Jordan,4002151,2022-05-30,2025-05-29,3,data/rentals/rental_agreement_680.pdf
681,Branch-681,Peshawar,Kerri Gordon,3690822,2024-10-05,2025-10-05,1,data/rentals/rental_agreement_681.pdf
682,Branch-682,Islamabad,John Vasquez DVM,3599922,2024-04-07,2029-04-06,5,data/rentals/rental_agreement_682.pdf
683,Branch-683,Karachi,Krystal Velasquez MD,1087693,2024-09-25,2025-09-25,1,data/rentals/rental_agreement_683.pdf
684,Branch-684,Quetta,Monica Shannon,3233402,2023-01-13,2024-01-13,1,data/rentals/rental_agreement_684.pdf
685,Branch-685,Faisalabad,Stephen Ferguson,681647,2024-11-24,2028-11-23,4,data/rentals/rental_agreement_685.pdf
686,Branch-686,Islamabad,Patricia Perez,1855823,2022-03-24,2026-03-23,4,data/rentals/rental_agreement_686.pdf
687,Branch-687,Karachi,Andrea Wolfe,3315187,2021-10-24,2026-10-23,5,data/rentals/rental_agreement_687.pdf
688,Branch-688,Quetta,Lisa Bailey,4149805,2023-03-25,2027-03-24,4,data/rentals/rental_agreement_688.pdf
689,Branch-689,Karachi,Paul Palmer,1581094,2024-03-06,2026-03-06,2,data/rentals/rental_agreement_689.pdf
690,Branch-690,Quetta,Lori Harrington,2731606,2024-12-09,2027-12-09,3,data/rentals/rental_agreement_690.pdf
691,Branch-691,Lahore,Susan Dickerson,2044096,2020-09-21,2024-09-20,4,data/rentals/rental_agreement_691.pdf
692,Branch-692,Lahore,Alexandra Herrera,2852663,2025-04-03,2030-04-02,5,data/rentals/rental_agreement_692.pdf
693,Branch-693,Multan,Teresa Snyder,3001280,2022-08-15,2025-08-14,3,data/rentals/rental_agreement_693.pdf
694,Branch-694,Faisalabad,Terry Adkins,1920438,2021-06-22,2026-06-21,5,data/rentals/rental_agreement_694.pdf
695,Branch-695,Lahore,Brenda Charles,3451567,2021-01-30,2025-01-29,4,data/rentals/rental_agreement_695.pdf
696,Branch-696,Lahore,Blake Wu,894924,2023-08-30,2026-08-29,3,data/rentals/rental_agreement_696.pdf
697,Branch-697,Lahore,Dean Moreno,2420693,2021-09-25,2026-09-24,5,data/rentals/rental_agreement_697.pdf
698,Branch-698,Karachi,Vanessa Hunter,2312631,2024-12-19,2027-12-19,3,data/rentals/rental_agreement_698.pdf
699,Branch-699,Lahore,Jacob Martin,4123750,2023-12-28,2025-12-27,2,data/rentals/rental_agreement_699.pdf
700,Branch-700,Faisalabad,Gerald Shelton,2698749,2022-07-07,2024-07-06,2,data/rentals/rental_agreement_700.pdf
701,Branch-701,Faisalabad,Vanessa Walker,1830068,2025-08-07,2028-08-06,3,data/rentals/rental_agreement_701.pdf
702,Branch-702,Faisalabad,Mr. Brandon West,4482052,2025-01-25,2029-01-24,4,data/rentals/rental_agreement_702.pdf
703,Branch-703,Faisalabad,Mrs. Linda Kim MD,1793481,2023-12-23,2027-12-22,4,data/rentals/rental_agreement_703.pdf
704,Branch-704,Faisalabad,Megan Carter,1239471,2021-12-21,2024-12-20,3,data/rentals/rental_agreement_704.pdf
705,Branch-705,Peshawar,Kimberly Jenkins,3264533,2024-09-13,2028-09-12,4,data/rentals/rental_agreement_705.pdf
706,Branch-706,Faisalabad,Ashley Clark,3868578,2022-03-09,2024-03-08,2,data/rentals/rental_agreement_706.pdf
707,Branch-707,Islamabad,Kenneth Daniel,4632369,2025-03-31,2026-03-31,1,data/rentals/rental_agreement_707.pdf
708,Branch-708,Lahore,Cheryl Rodriguez,2712053,2022-07-02,2025-07-01,3,data/rentals/rental_agreement_708.pdf
709,Branch-709,Karachi,Meredith Riley,1750725,2025-08-09,2027-08-09,2,data/rentals/rental_agreement_709.pdf
710,Branch-710,Karachi,Troy Martinez,4306880,2024-09-08,2026-09-08,2,data/rentals/rental_agreement_710.pdf
711,Branch-711,Multan,Luke Jenkins,4309174,2024-01-09,2029-01-07,5,data/rentals/rental_agreement_711.pdf
712,Branch-712,Peshawar,Nicholas Cross,3189614,2024-10-09,2029-10-08,5,data/rentals/rental_agreement_712.pdf
713,Branch-713,Faisalabad,Gabriella Calderon,4519856,2021-04-22,2026-04-21,5,data/rentals/rental_agreement_713.pdf
714,Branch-714,Faisalabad,Robert Gallagher,2825682,2021-04-22,2025-04-21,4,data/rentals/rental_agreement_714.pdf
715,Branch-715,Islamabad,Michael Reeves,4244601,2025-07-12,2030-07-11,5,data/rentals/rental_agreement_715.pdf
716,Branch-716,Quetta,Hector Tucker,2796175,2023-05-23,2027-05-22,4,data/rentals/rental_agreement_716.pdf
717,Branch-717,Quetta,Debra Knight,3087499,2024-03-23,2026-03-23,2,data/rentals/rental_agreement_717.pdf
718,Branch-718,Quetta,David Smith,1156728,2022-06-30,2027-06-29,5,data/rentals/rental_agreement_718.pdf
719,Branch-719,Quetta,Nicholas Benton,654023,2022-08-07,2023-08-07,1,data/rentals/rental_agreement_719.pdf
720,Branch-720,Multan,Beth Walker,4237363,2022-03-21,2027-03-20,5,data/rentals/rental_agreement_720.pdf
721,Branch-721,Faisalabad,Mark Schultz,3278000,2025-02-21,2027-02-21,2,data/rentals/rental_agreement_721.pdf
722,Branch-722,Faisalabad,Anna Lawrence,3751735,2021-09-06,2023-09-06,2,data/rentals/rental_agreement_722.pdf
723,Branch-723,Peshawar,Christopher White,936059,2024-10-02,2026-10-02,2,data/rentals/rental_agreement_723.pdf
724,Branch-724,Peshawar,Lisa Oconnell,4166106,2021-01-24,2025-01-23,4,data/rentals/rental_agreement_724.pdf
725,Branch-725,Multan,Mr. Martin Dunn,787037,2024-04-07,2025-04-07,1,data/rentals/rental_agreement_725.pdf
726,Branch-726,Quetta,Elizabeth Calderon,3839135,2021-06-17,2022-06-17,1,data/rentals/rental_agreement_726.pdf
727,Branch-727,Peshawar,Michael Bean,1305977,2021-10-26,2024-10-25,3,data/rentals/rental_agreement_727.pdf
728,Branch-728,Quetta,Amanda Reyes,4727529,2021-05-08,2025-05-07,4,data/rentals/rental_agreement_728.pdf
729,Branch-729,Islamabad,Kimberly Good,4500968,2024-12-10,2027-12-10,3,data/rentals/rental_agreement_729.pdf
730,Branch-730,Peshawar,Todd Soto,3714326,2023-03-08,2028-03-06,5,data/rentals/rental_agreement_730.pdf
731,Branch-731,Peshawar,Aaron Allen,850146,2020-09-29,2021-09-29,1,data/rentals/rental_agreement_731.pdf
732,Branch-732,Islamabad,Tiffany Douglas,3965155,2024-09-14,2028-09-13,4,data/rentals/rental_agreement_732.pdf
733,Branch-733,Multan,Austin Barr,4472450,2025-08-25,2028-08-24,3,data/rentals/rental_agreement_733.pdf
734,Branch-734,Quetta,Jason Cole,3626249,2022-08-29,2027-08-28,5,data/rentals/rental_agreement_734.pdf
735,Branch-735,Islamabad,Melissa Armstrong,4433942,2023-07-27,2024-07-26,1,data/rentals/rental_agreement_735.pdf
736,Branch-736,Karachi,Kelly Crawford,855101,2023-05-28,2028-05-26,5,data/rentals/rental_agreement_736.pdf
737,Branch-737,Lahore,Jane Allison,4828771,2024-02-11,2026-02-10,2,data/rentals/rental_agreement_737.pdf
738,Branch-738,Quetta,Jeffery Dalton,4804970,2021-10-09,2026-10-08,5,data/rentals/rental_agreement_738.pdf
739,Branch-739,Peshawar,Deborah Carter,3832154,2021-08-20,2023-08-20,2,data/rentals/rental_agreement_739.pdf
740,Branch-740,Faisalabad,Brandon Turner,4023197,2024-02-19,2027-02-18,3,data/rentals/rental_agreement_740.pdf
741,Branch-741,Faisalabad,Crystal Yoder,3193811,2024-01-29,2025-01-28,1,data/rentals/rental_agreement_741.pdf
742,Branch-742,Karachi,Justin Cruz,2778322,2024-09-09,2029-09-08,5,data/rentals/rental_agreement_742.pdf
743,Branch-743,Karachi,Stephanie George,2265336,2020-10-05,2023-10-05,3,data/rentals/rental_agreement_743.pdf
744,Branch-744,Multan,Katie Hill,1383647,2021-06-26,2024-06-25,3,data/rentals/rental_agreement_744.pdf
745,Branch-745,Quetta,Steven James,1815123,2024-06-13,2026-06-13,2,data/rentals/rental_agreement_745.pdf
746,Branch-746,Multan,Paul Sims,1086240,2021-01-17,2024-01-17,3,data/rentals/rental_agreement_746.pdf
747,Branch-747,Karachi,Frank Martin,2851470,2025-02-27,2026-02-27,1,data/rentals/rental_agreement_747.pdf
748,Branch-748,Faisalabad,Gregory Gonzales,3259439,2024-11-21,2028-11-20,4,data/rentals/rental_agreement_748.pdf
749,Branch-749,Faisalabad,Sandra Gonzalez,788617,2023-10-12,2027-10-11,4,data/rentals/rental_agreement_749.pdf
750,Branch-750,Karachi,Emily Frank,2918523,2022-03-22,2023-03-22,1,data/rentals/rental_agreement_750.pdf
751,Branch-751,Multan,Jeremy Bates,1988259,2020-11-16,2024-11-15,4,data/rentals/rental_agreement_751.pdf
752,Branch-752,Faisalabad,Timothy Wang,3839542,2021-05-04,2026-05-03,5,data/rentals/rental_agreement_752.pdf
753,Branch-753,Faisalabad,Terri Wade,1554603,2025-07-05,2026-07-05,1,data/rentals/rental_agreement_753.pdf
754,Branch-754,Quetta,Shawn Turner MD,2114591,2025-04-26,2026-04-26,1,data/rentals/rental_agreement_754.pdf
755,Branch-755,Multan,George Lyons,2223515,2025-03-17,2030-03-16,5,data/rentals/rental_agreement_755.pdf
756,Branch-756,Lahore,Crystal Meyer,1878146,2023-05-11,2028-05-09,5,data/rentals/rental_agreement_756.pdf
757,Branch-757,Multan,Jared Mack,2251332,2024-02-25,2027-02-24,3,data/rentals/rental_agreement_757.pdf
758,Branch-758,Peshawar,Justin Cruz,505508,2023-09-04,2028-09-02,5,data/rentals/rental_agreement_758.pdf
759,Branch-759,Faisalabad,Vanessa Bennett,2655466,2024-04-05,2028-04-04,4,data/rentals/rental_agreement_759.pdf
760,Branch-760,Lahore,Charles Taylor,1058919,2021-04-16,2024-04-15,3,data/rentals/rental_agreement_760.pdf
761,Branch-761,Karachi,Madison Stewart,3950947,2022-07-25,2026-07-24,4,data/rentals/rental_agreement_761.pdf
762,Branch-762,Faisalabad,David Wong,2580352,2024-05-12,2028-05-11,4,data/rentals/rental_agreement_762.pdf
763,Branch-763,Faisalabad,Angelica Lane,1179819,2021-03-06,2026-03-05,5,data/rentals/rental_agreement_763.pdf
764,Branch-764,Peshawar,Mr. Anthony Small,848856,2024-07-24,2028-07-23,4,data/rentals/rental_agreement_764.pdf
765,Branch-765,Faisalabad,James Bean,1271421,2021-12-25,2026-12-24,5,data/rentals/rental_agreement_765.pdf
766,Branch-766,Lahore,Mark Payne,2121291,2021-10-02,2023-10-02,2,data/rentals/rental_agreement_766.pdf
767,Branch-767,Multan,Dustin Morales,4186734,2022-10-29,2024-10-28,2,data/rentals/rental_agreement_767.pdf
768,Branch-768,Quetta,Richard Costa,4386874,2025-05-30,2030-05-29,5,data/rentals/rental_agreement_768.pdf
769,Branch-769,Islamabad,Nichole Ray,4545429,2021-05-02,2022-05-02,1,data/rentals/rental_agreement_769.pdf
770,Branch-770,Faisalabad,Steven Huang,1970851,2024-10-05,2028-10-04,4,data/rentals/rental_agreement_770.pdf
771,Branch-771,Faisalabad,Jay Martin,2490420,2022-03-15,2023-03-15,1,data/rentals/rental_agreement_771.pdf
772,Branch-772,Multan,Patricia Johnson,1504907,2023-08-17,2024-08-16,1,data/rentals/rental_agreement_772.pdf
773,Branch-773,Quetta,Jeremy Davis,1541170,2023-07-15,2025-07-14,2,data/rentals/rental_agreement_773.pdf
774,Branch-774,Faisalabad,Melissa French,3728891,2022-01-26,2027-01-25,5,data/rentals/rental_agreement_774.pdf
775,Branch-775,Karachi,Sara Sullivan,2907809,2021-08-04,2025-08-03,4,data/rentals/rental_agreement_775.pdf
776,Branch-776,Quetta,Brandon Huerta,2244468,2023-07-24,2026-07-23,3,data/rentals/rental_agreement_776.pdf
777,Branch-777,Karachi,Daniel Cruz,4681152,2023-07-03,2028-07-01,5,data/rentals/rental_agreement_777.pdf
778,Branch-778,Islamabad,Sydney Bates,2429377,2024-07-30,2029-07-29,5,data/rentals/rental_agreement_778.pdf
779,Branch-779,Faisalabad,Kevin Kirby,1152510,2020-11-07,2024-11-06,4,data/rentals/rental_agreement_779.pdf
780,Branch-780,Lahore,Daniel Burns,4101009,2021-03-24,2026-03-23,5,data/rentals/rental_agreement_780.pdf
781,Branch-781,Karachi,Michael Miranda,3146349,2025-06-11,2030-06-10,5,data/rentals/rental_agreement_781.pdf
782,Branch-782,Multan,Don Ellis,510565,2024-06-20,2027-06-20,3,data/rentals/rental_agreement_782.pdf
783,Branch-783,Karachi,Miss Tiffany Curry,928115,2022-05-09,2024-05-08,2,data/rentals/rental_agreement_783.pdf
784,Branch-784,Faisalabad,Jessica Gonzalez,2826019,2024-02-17,2026-02-16,2,data/rentals/rental_agreement_784.pdf
785,Branch-785,Multan,Danny Lopez,1190752,2022-01-22,2024-01-22,2,data/rentals/rental_agreement_785.pdf
786,Branch-786,Lahore,Amanda Moreno,1759778,2022-01-04,2023-01-04,1,data/rentals/rental_agreement_786.pdf
787,Branch-787,Karachi,Taylor Hensley,3239583,2021-05-22,2022-05-22,1,data/rentals/rental_agreement_787.pdf
788,Branch-788,Faisalabad,Matthew Waller,748503,2021-12-03,2026-12-02,5,data/rentals/rental_agreement_788.pdf
789,Branch-789,Peshawar,Charles Johnson,4447434,2024-12-21,2025-12-21,1,data/rentals/rental_agreement_789.pdf
790,Branch-790,Quetta,Gail Cannon,3927180,2020-09-22,2022-09-22,2,data/rentals/rental_agreement_790.pdf
791,Branch-791,Multan,Kevin Martin,2467480,2021-07-27,2025-07-26,4,data/rentals/rental_agreement_791.pdf
792,Branch-792,Karachi,Victoria Watson,1899617,2021-01-13,2026-01-12,5,data/rentals/rental_agreement_792.pdf
793,Branch-793,Faisalabad,Tara Walker,1514917,2020-12-16,2024-12-15,4,data/rentals/rental_agreement_793.pdf
794,Branch-794,Quetta,Terri Bennett,1572451,2022-10-15,2027-10-14,5,data/rentals/rental_agreement_794.pdf
795,Branch-795,Islamabad,Brittney Nunez,4000973,2023-12-13,2027-12-12,4,data/rentals/rental_agreement_795.pdf
796,Branch-796,Karachi,Calvin Pierce,4941648,2023-02-15,2025-02-14,2,data/rentals/rental_agreement_796.pdf
797,Branch-797,Islamabad,Sharon Howard,4557047,2023-04-06,2024-04-05,1,data/rentals/rental_agreement_797.pdf
798,Branch-798,Islamabad,Alison Zhang,1277649,2023-09-15,2024-09-14,1,data/rentals/rental_agreement_798.pdf
799,Branch-799,Karachi,Hannah Peterson,4089731,2022-11-04,2025-11-03,3,data/rentals/rental_agreement_799.pdf
800,Branch-800,Peshawar,Anna Garcia,2305101,2021-10-13,2024-10-12,3,data/rentals/rental_agreement_800.pdf
801,Branch-801,Peshawar,Victoria Callahan,4101892,2023-11-25,2025-11-24,2,data/rentals/rental_agreement_801.pdf
802,Branch-802,Quetta,Linda Baker,3041280,2023-04-08,2028-04-06,5,data/rentals/rental_agreement_802.pdf
803,Branch-803,Multan,Ann Mercado,1558010,2025-07-28,2029-07-27,4,data/rentals/rental_agreement_803.pdf
804,Branch-804,Multan,Michael Hess,1948760,2022-06-14,2027-06-13,5,data/rentals/rental_agreement_804.pdf
805,Branch-805,Multan,Amanda Price,2363640,2024-05-14,2029-05-13,5,data/rentals/rental_agreement_805.pdf
806,Branch-806,Islamabad,John Rodriguez,2119388,2020-11-14,2025-11-13,5,data/rentals/rental_agreement_806.pdf
807,Branch-807,Lahore,Sherry Johnson,987105,2024-04-18,2025-04-18,1,data/rentals/rental_agreement_807.pdf
808,Branch-808,Quetta,William Butler,1534863,2021-09-19,2022-09-19,1,data/rentals/rental_agreement_808.pdf
809,Branch-809,Faisalabad,Heather Hunt,1170429,2023-11-02,2024-11-01,1,data/rentals/rental_agreement_809.pdf
810,Branch-810,Lahore,Adam Baker,2959398,2023-06-02,2027-06-01,4,data/rentals/rental_agreement_810.pdf
811,Branch-811,Peshawar,Brian Brooks,641072,2023-12-14,2025-12-13,2,data/rentals/rental_agreement_811.pdf
812,Branch-812,Islamabad,Debra Thompson,4723235,2022-06-03,2024-06-02,2,data/rentals/rental_agreement_812.pdf
813,Branch-813,Karachi,Wayne Hatfield,1303839,2024-03-10,2027-03-10,3,data/rentals/rental_agreement_813.pdf
814,Branch-814,Multan,Cindy Hernandez,1835012,2024-06-05,2027-06-05,3,data/rentals/rental_agreement_814.pdf
815,Branch-815,Faisalabad,Shannon Elliott,1031962,2020-10-30,2021-10-30,1,data/rentals/rental_agreement_815.pdf
816,Branch-816,Quetta,Olivia Hansen,956947,2024-03-31,2025-03-31,1,data/rentals/rental_agreement_816.pdf
817,Branch-817,Karachi,Melissa Melendez,3451569,2025-03-09,2026-03-09,1,data/rentals/rental_agreement_817.pdf
818,Branch-818,Quetta,Kelsey Fitzgerald,3118007,2022-11-29,2023-11-29,1,data/rentals/rental_agreement_818.pdf
819,Branch-819,Karachi,Cole Johnson,4653260,2020-11-24,2024-11-23,4,data/rentals/rental_agreement_819.pdf
820,Branch-820,Islamabad,Collin Coleman,2649866,2021-07-05,2024-07-04,3,data/rentals/rental_agreement_820.pdf
821,Branch-821,Quetta,Angela Hobbs,3603504,2022-02-24,2027-02-23,5,data/rentals/rental_agreement_821.pdf
822,Branch-822,Quetta,Gloria Wood,2126692,2023-06-16,2024-06-15,1,data/rentals/rental_agreement_822.pdf
823,Branch-823,Multan,Victor Short,1851414,2022-09-19,2026-09-18,4,data/rentals/rental_agreement_823.pdf
824,Branch-824,Islamabad,Robert Porter,3465810,2024-02-04,2029-02-02,5,data/rentals/rental_agreement_824.pdf
825,Branch-825,Lahore,Jennifer Fitzgerald,1863916,2022-08-28,2026-08-27,4,data/rentals/rental_agreement_825.pdf
826,Branch-826,Islamabad,Linda Nolan,4330739,2025-02-13,2028-02-13,3,data/rentals/rental_agreement_826.pdf
827,Branch-827,Karachi,Erica Bruce,3025383,2021-12-10,2026-12-09,5,data/rentals/rental_agreement_827.pdf
828,Branch-828,Faisalabad,Daniel Austin,2138119,2022-05-24,2026-05-23,4,data/rentals/rental_agreement_828.pdf
829,Branch-829,Karachi,Jessica Jennings,2241307,2021-05-14,2024-05-13,3,data/rentals/rental_agreement_829.pdf
830,Branch-830,Peshawar,Diana Campbell,1407084,2021-08-28,2022-08-28,1,data/rentals/rental_agreement_830.pdf
831,Branch-831,Faisalabad,Lisa Cook,3407722,2025-01-31,2027-01-31,2,data/rentals/rental_agreement_831.pdf
832,Branch-832,Quetta,Beverly Hall,804578,2020-10-03,2024-10-02,4,data/rentals/rental_agreement_832.pdf
833,Branch-833,Quetta,Eric Barker,4460684,2022-11-26,2026-11-25,4,data/rentals/rental_agreement_833.pdf
834,Branch-834,Faisalabad,Anna Simmons,3401833,2020-11-05,2024-11-04,4,data/rentals/rental_agreement_834.pdf
835,Branch-835,Multan,Barry Ford,1799069,2025-03-24,2027-03-24,2,data/rentals/rental_agreement_835.pdf
836,Branch-836,Faisalabad,Kimberly Parrish,2490456,2024-01-27,2025-01-26,1,data/rentals/rental_agreement_836.pdf
837,Branch-837,Lahore,Justin Bennett III,1176600,2024-04-17,2025-04-17,1,data/rentals/rental_agreement_837.pdf
838,Branch-838,Karachi,Donald Martinez,2658287,2024-07-23,2026-07-23,2,data/rentals/rental_agreement_838.pdf
839,Branch-839,Multan,James Jones,3863829,2021-06-04,2024-06-03,3,data/rentals/rental_agreement_839.pdf
840,Branch-840,Faisalabad,Joshua Key,3093079,2023-02-22,2027-02-21,4,data/rentals/rental_agreement_840.pdf
841,Branch-841,Karachi,Derek Griffin,1800263,2022-10-27,2025-10-26,3,data/rentals/rental_agreement_841.pdf
842,Branch-842,Peshawar,Samuel Johnson,3558700,2021-08-18,2022-08-18,1,data/rentals/rental_agreement_842.pdf
843,Branch-843,Karachi,Julie Hernandez,4245095,2025-05-01,2027-05-01,2,data/rentals/rental_agreement_843.pdf
844,Branch-844,Multan,Anthony Conley,4965829,2021-09-15,2026-09-14,5,data/rentals/rental_agreement_844.pdf
845,Branch-845,Faisalabad,Anthony Dunn,2723475,2022-04-10,2026-04-09,4,data/rentals/rental_agreement_845.pdf
846,Branch-846,Peshawar,Michelle Martin,3833919,2020-11-26,2021-11-26,1,data/rentals/rental_agreement_846.pdf
847,Branch-847,Islamabad,Robert Andrade,1101680,2023-03-27,2028-03-25,5,data/rentals/rental_agreement_847.pdf
848,Branch-848,Islamabad,Debra Mcclure,4322649,2024-07-02,2029-07-01,5,data/rentals/rental_agreement_848.pdf
849,Branch-849,Peshawar,Rebecca Johnson,4961392,2025-02-13,2028-02-13,3,data/rentals/rental_agreement_849.pdf
850,Branch-850,Faisalabad,Hector Vargas,2422486,2023-09-16,2028-09-14,5,data/rentals/rental_agreement_850.pdf
851,Branch-851,Faisalabad,Barry Kline,1787507,2022-01-12,2027-01-11,5,data/rentals/rental_agreement_851.pdf
852,Branch-852,Quetta,Troy Russell,1497211,2024-08-08,2028-08-07,4,data/rentals/rental_agreement_852.pdf
853,Branch-853,Karachi,Lisa Diaz DVM,4717346,2023-11-11,2028-11-09,5,data/rentals/rental_agreement_853.pdf
854,Branch-854,Multan,Rachel Fox,2057574,2021-02-17,2026-02-16,5,data/rentals/rental_agreement_854.pdf
855,Branch-855,Multan,Melissa Wilson,3098416,2023-05-30,2028-05-28,5,data/rentals/rental_agreement_855.pdf
856,Branch-856,Multan,Mallory Foley,1978049,2025-02-26,2029-02-25,4,data/rentals/rental_agreement_856.pdf
857,Branch-857,Multan,Marie Mcconnell,3890340,2024-04-28,2028-04-27,4,data/rentals/rental_agreement_857.pdf
858,Branch-858,Lahore,Crystal Thompson DVM,1934287,2023-03-22,2028-03-20,5,data/rentals/rental_agreement_858.pdf
859,Branch-859,Multan,Michael Adams,1960095,2021-07-13,2026-07-12,5,data/rentals/rental_agreement_859.pdf
860,Branch-860,Karachi,Emma Rodgers,1384023,2022-11-01,2023-11-01,1,data/rentals/rental_agreement_860.pdf
861,Branch-861,Faisalabad,Robert Jones,1416640,2021-09-08,2024-09-07,3,data/rentals/rental_agreement_861.pdf
862,Branch-862,Quetta,Kylie Rodriguez,4293885,2025-08-30,2027-08-30,2,data/rentals/rental_agreement_862.pdf
863,Branch-863,Peshawar,Mitchell Oliver,4177728,2023-01-31,2024-01-31,1,data/rentals/rental_agreement_863.pdf
864,Branch-864,Islamabad,George Frank,882708,2024-12-31,2026-12-31,2,data/rentals/rental_agreement_864.pdf
865,Branch-865,Peshawar,Samuel Rodriguez,4163902,2024-07-09,2025-07-09,1,data/rentals/rental_agreement_865.pdf
866,Branch-866,Peshawar,Michelle Evans,2305032,2024-10-07,2025-10-07,1,data/rentals/rental_agreement_866.pdf
867,Branch-867,Faisalabad,Jesus Sanchez,4054958,2023-09-06,2027-09-05,4,data/rentals/rental_agreement_867.pdf
868,Branch-868,Peshawar,Emily Lyons,1577404,2022-07-10,2023-07-10,1,data/rentals/rental_agreement_868.pdf
869,Branch-869,Multan,Daniel Chambers,4082717,2024-11-03,2029-11-02,5,data/rentals/rental_agreement_869.pdf
870,Branch-870,Peshawar,Karen Wolf,729506,2024-06-14,2027-06-14,3,data/rentals/rental_agreement_870.pdf
871,Branch-871,Faisalabad,Thomas Hanna,2467752,2025-04-16,2029-04-15,4,data/rentals/rental_agreement_871.pdf
872,Branch-872,Faisalabad,Karen Lee,3346751,2022-03-17,2027-03-16,5,data/rentals/rental_agreement_872.pdf
873,Branch-873,Karachi,Shelley Johnson,2336979,2023-05-24,2028-05-22,5,data/rentals/rental_agreement_873.pdf
874,Branch-874,Multan,Brandon Mullins,3113935,2024-09-29,2028-09-28,4,data/rentals/rental_agreement_874.pdf
875,Branch-875,Multan,Sean Munoz,3122067,2021-10-11,2025-10-10,4,data/rentals/rental_agreement_875.pdf
876,Branch-876,Peshawar,Barbara Smith,1770832,2022-04-30,2025-04-29,3,data/rentals/rental_agreement_876.pdf
877,Branch-877,Peshawar,Joshua Hall,1780694,2021-10-19,2022-10-19,1,data/rentals/rental_agreement_877.pdf
878,Branch-878,Multan,Teresa Nichols,4566044,2022-09-16,2026-09-15,4,data/rentals/rental_agreement_878.pdf
879,Branch-879,Peshawar,Matthew Lang,825934,2020-09-28,2023-09-28,3,data/rentals/rental_agreement_879.pdf
880,Branch-880,Faisalabad,Carrie Barr,3800129,2024-05-20,2026-05-20,2,data/rentals/rental_agreement_880.pdf
881,Branch-881,Peshawar,James Johnson,1359180,2021-01-24,2022-01-24,1,data/rentals/rental_agreement_881.pdf
882,Branch-882,Quetta,Natalie Estrada,4073075,2025-05-30,2028-05-29,3,data/rentals/rental_agreement_882.pdf
883,Branch-883,Peshawar,Chloe Williams,1963639,2021-07-30,2026-07-29,5,data/rentals/rental_agreement_883.pdf
884,Branch-884,Faisalabad,Kristin Bridges,1892429,2022-03-30,2025-03-29,3,data/rentals/rental_agreement_884.pdf
885,Branch-885,Lahore,Rebecca Whitaker,3948211,2023-10-15,2025-10-14,2,data/rentals/rental_agreement_885.pdf
886,Branch-886,Karachi,Jason Parker,4389202,2025-05-22,2026-05-22,1,data/rentals/rental_agreement_886.pdf
887,Branch-887,Quetta,Henry Olson,2854249,2022-09-08,2024-09-07,2,data/rentals/rental_agreement_887.pdf
888,Branch-888,Peshawar,John Hudson,2633420,2022-10-17,2025-10-16,3,data/rentals/rental_agreement_888.pdf
889,Branch-889,Islamabad,Morgan Weaver,3959001,2021-03-29,2025-03-28,4,data/rentals/rental_agreement_889.pdf
890,Branch-890,Lahore,Kim Hunt,2196366,2021-07-05,2023-07-05,2,data/rentals/rental_agreement_890.pdf
891,Branch-891,Islamabad,Michael Bennett,3804326,2022-04-26,2026-04-25,4,data/rentals/rental_agreement_891.pdf
892,Branch-892,Multan,Stacy Taylor,999170,2025-03-06,2029-03-05,4,data/rentals/rental_agreement_892.pdf
893,Branch-893,Peshawar,Catherine Martinez,3907036,2020-12-01,2024-11-30,4,data/rentals/rental_agreement_893.pdf
894,Branch-894,Karachi,Mark Owen,4357271,2022-04-26,2025-04-25,3,data/rentals/rental_agreement_894.pdf
895,Branch-895,Karachi,Dominic Pacheco,2659770,2022-11-27,2026-11-26,4,data/rentals/rental_agreement_895.pdf
896,Branch-896,Karachi,Michael Riley,4639270,2023-12-20,2024-12-19,1,data/rentals/rental_agreement_896.pdf
897,Branch-897,Karachi,Jessica Bowers,2374120,2022-12-04,2024-12-03,2,data/rentals/rental_agreement_897.pdf
898,Branch-898,Multan,Stephanie Ryan,799212,2022-04-23,2027-04-22,5,data/rentals/rental_agreement_898.pdf
899,Branch-899,Karachi,Lynn Hoffman,1636646,2024-03-14,2025-03-14,1,data/rentals/rental_agreement_899.pdf
900,Branch-900,Faisalabad,Matthew King,2309632,2025-09-16,2028-09-15,3,data/rentals/rental_agreement_900.pdf
901,Branch-901,Quetta,Shelly Murphy,1964461,2021-04-10,2023-04-10,2,data/rentals/rental_agreement_901.pdf
902,Branch-902,Peshawar,Juan Garcia,2873871,2025-02-09,2027-02-09,2,data/rentals/rental_agreement_902.pdf
903,Branch-903,Peshawar,Shannon Williams,2980582,2021-11-03,2022-11-03,1,data/rentals/rental_agreement_903.pdf
904,Branch-904,Faisalabad,William Mitchell,3291201,2024-10-26,2025-10-26,1,data/rentals/rental_agreement_904.pdf
905,Branch-905,Quetta,Lee Carter,1389438,2023-02-23,2028-02-22,5,data/rentals/rental_agreement_905.pdf
906,Branch-906,Karachi,Bonnie Montes,4051558,2024-12-28,2025-12-28,1,data/rentals/rental_agreement_906.pdf
907,Branch-907,Faisalabad,Keith Hall,4379107,2024-03-12,2025-03-12,1,data/rentals/rental_agreement_907.pdf
908,Branch-908,Karachi,Alexander Shepherd,4981652,2023-09-05,2025-09-04,2,data/rentals/rental_agreement_908.pdf
909,Branch-909,Lahore,Cindy Stone,2019978,2023-02-12,2024-02-12,1,data/rentals/rental_agreement_909.pdf
910,Branch-910,Quetta,Kelly Evans,3314080,2023-11-26,2024-11-25,1,data/rentals/rental_agreement_910.pdf
911,Branch-911,Faisalabad,Julie Roberts,2067393,2024-11-13,2027-11-13,3,data/rentals/rental_agreement_911.pdf
912,Branch-912,Faisalabad,Ryan Villanueva,3959483,2024-11-14,2026-11-14,2,data/rentals/rental_agreement_912.pdf
913,Branch-913,Lahore,Jeffrey Sims,1065343,2022-09-07,2026-09-06,4,data/rentals/rental_agreement_913.pdf
914,Branch-914,Multan,Mary Duke,4624975,2025-02-19,2027-02-19,2,data/rentals/rental_agreement_914.pdf
915,Branch-915,Quetta,Robin Silva,2764950,2023-02-25,2026-02-24,3,data/rentals/rental_agreement_915.pdf
916,Branch-916,Quetta,Stephanie Henderson,4135446,2024-11-29,2027-11-29,3,data/rentals/rental_agreement_916.pdf
917,Branch-917,Quetta,Barbara Mills,764860,2020-12-19,2024-12-18,4,data/rentals/rental_agreement_917.pdf
918,Branch-918,Islamabad,Roy Holmes,2271421,2024-07-04,2027-07-04,3,data/rentals/rental_agreement_918.pdf
919,Branch-919,Multan,Joseph Parks,2451749,2025-01-02,2029-01-01,4,data/rentals/rental_agreement_919.pdf
920,Branch-920,Peshawar,Tim Wall,2028977,2024-03-01,2028-02-29,4,data/rentals/rental_agreement_920.pdf
921,Branch-921,Multan,Walter Howard,1070782,2025-08-13,2030-08-12,5,data/rentals/rental_agreement_921.pdf
922,Branch-922,Peshawar,Taylor Ward,4832816,2024-10-17,2026-10-17,2,data/rentals/rental_agreement_922.pdf
923,Branch-923,Multan,Ashley Morgan,2868618,2022-08-03,2026-08-02,4,data/rentals/rental_agreement_923.pdf
924,Branch-924,Karachi,Elizabeth Davis,1225893,2023-10-11,2028-10-09,5,data/rentals/rental_agreement_924.pdf
925,Branch-925,Islamabad,Annette Martin,3086960,2025-03-21,2030-03-20,5,data/rentals/rental_agreement_925.pdf
926,Branch-926,Faisalabad,John French,1272550,2023-07-22,2025-07-21,2,data/rentals/rental_agreement_926.pdf
927,Branch-927,Karachi,Cristina Schwartz,4344155,2021-05-13,2026-05-12,5,data/rentals/rental_agreement_927.pdf
928,Branch-928,Islamabad,Julia Weiss,4229965,2024-07-14,2026-07-14,2,data/rentals/rental_agreement_928.pdf
929,Branch-929,Islamabad,Javier Davis,1044650,2022-09-21,2023-09-21,1,data/rentals/rental_agreement_929.pdf
930,Branch-930,Islamabad,Justin Davis,2853526,2023-06-30,2025-06-29,2,data/rentals/rental_agreement_930.pdf
931,Branch-931,Lahore,Michelle Leonard,1236914,2021-05-24,2025-05-23,4,data/rentals/rental_agreement_931.pdf
932,Branch-932,Peshawar,Eric Stone,3387458,2024-09-29,2025-09-29,1,data/rentals/rental_agreement_932.pdf
933,Branch-933,Peshawar,Jared Romero,3002732,2021-04-12,2026-04-11,5,data/rentals/rental_agreement_933.pdf
934,Branch-934,Lahore,Courtney Reid,1909784,2021-12-05,2024-12-04,3,data/rentals/rental_agreement_934.pdf
935,Branch-935,Lahore,Heidi Smith,1204518,2020-09-20,2024-09-19,4,data/rentals/rental_agreement_935.pdf
936,Branch-936,Quetta,Kara Grant,2754342,2022-08-10,2026-08-09,4,data/rentals/rental_agreement_936.pdf
937,Branch-937,Peshawar,Joel Ramirez,3768296,2023-07-19,2026-07-18,3,data/rentals/rental_agreement_937.pdf
938,Branch-938,Lahore,Alejandro Mitchell,3395049,2022-10-31,2027-10-30,5,data/rentals/rental_agreement_938.pdf
939,Branch-939,Quetta,Jared Gilbert,2012539,2023-03-19,2024-03-18,1,data/rentals/rental_agreement_939.pdf
940,Branch-940,Peshawar,Jessica Chambers,4458045,2022-07-31,2024-07-30,2,data/rentals/rental_agreement_940.pdf
941,Branch-941,Karachi,Anthony Hogan,1449796,2023-02-02,2025-02-01,2,data/rentals/rental_agreement_941.pdf
942,Branch-942,Peshawar,Clarence Torres,2571531,2024-07-28,2026-07-28,2,data/rentals/rental_agreement_942.pdf
943,Branch-943,Peshawar,Jennifer Carroll,3863709,2024-05-18,2029-05-17,5,data/rentals/rental_agreement_943.pdf
944,Branch-944,Islamabad,Angela Hernandez,970680,2023-01-22,2027-01-21,4,data/rentals/rental_agreement_944.pdf
945,Branch-945,Lahore,John Huynh,2687102,2023-11-24,2028-11-22,5,data/rentals/rental_agreement_945.pdf
946,Branch-946,Quetta,Peter Glenn,4044328,2023-11-29,2027-11-28,4,data/rentals/rental_agreement_946.pdf
947,Branch-947,Quetta,Ryan Stephenson,2593230,2021-07-23,2025-07-22,4,data/rentals/rental_agreement_947.pdf
948,Branch-948,Peshawar,Daniel Morris,742310,2025-04-07,2030-04-06,5,data/rentals/rental_agreement_948.pdf
949,Branch-949,Multan,Brandon Thompson,661142,2023-04-29,2025-04-28,2,data/rentals/rental_agreement_949.pdf
950,Branch-950,Islamabad,Erica Smith,4361934,2023-08-08,2027-08-07,4,data/rentals/rental_agreement_950.pdf
951,Branch-951,Lahore,Kathryn Wolf,3116557,2022-10-20,2024-10-19,2,data/rentals/rental_agreement_951.pdf
952,Branch-952,Multan,Glenda Moran,2745904,2024-10-11,2027-10-11,3,data/rentals/rental_agreement_952.pdf
953,Branch-953,Islamabad,Barbara Anderson,3289492,2025-06-05,2028-06-04,3,data/rentals/rental_agreement_953.pdf
954,Branch-954,Islamabad,Michael Dougherty,1623366,2025-01-25,2030-01-24,5,data/rentals/rental_agreement_954.pdf
955,Branch-955,Peshawar,Yvonne Vega,1291272,2022-03-08,2026-03-07,4,data/rentals/rental_agreement_955.pdf
956,Branch-956,Karachi,Walter Brown,1798852,2020-10-29,2021-10-29,1,data/rentals/rental_agreement_956.pdf
957,Branch-957,Karachi,Donald Keller,651067,2024-04-14,2026-04-14,2,data/rentals/rental_agreement_957.pdf
958,Branch-958,Islamabad,Kathleen Gray,2112261,2025-07-29,2027-07-29,2,data/rentals/rental_agreement_958.pdf
959,Branch-959,Peshawar,Joseph Gray,727259,2025-04-07,2026-04-07,1,data/rentals/rental_agreement_959.pdf
960,Branch-960,Faisalabad,Gabriel Price,4321983,2025-06-30,2030-06-29,5,data/rentals/rental_agreement_960.pdf
961,Branch-961,Karachi,Natalie Lewis,4747179,2022-12-30,2027-12-29,5,data/rentals/rental_agreement_961.pdf
962,Branch-962,Faisalabad,Judith Kim,1854953,2021-11-08,2026-11-07,5,data/rentals/rental_agreement_962.pdf
963,Branch-963,Quetta,Kimberly Best,2729968,2021-11-29,2023-11-29,2,data/rentals/rental_agreement_963.pdf
964,Branch-964,Faisalabad,Robin Myers,2643086,2023-01-12,2027-01-11,4,data/rentals/rental_agreement_964.pdf
965,Branch-965,Multan,Victoria Mccormick,4168131,2023-09-02,2027-09-01,4,data/rentals/rental_agreement_965.pdf
966,Branch-966,Lahore,Christie Guerra,3079300,2025-01-30,2028-01-30,3,data/rentals/rental_agreement_966.pdf
967,Branch-967,Lahore,Robin Henry,1018684,2023-11-09,2024-11-08,1,data/rentals/rental_agreement_967.pdf
968,Branch-968,Quetta,Christina Cooper,835347,2025-02-21,2028-02-21,3,data/rentals/rental_agreement_968.pdf
969,Branch-969,Islamabad,William Willis,2255270,2020-12-24,2022-12-24,2,data/rentals/rental_agreement_969.pdf
970,Branch-970,Faisalabad,Christian Adams,532777,2021-04-08,2025-04-07,4,data/rentals/rental_agreement_970.pdf
971,Branch-971,Peshawar,Bradley Mayo,974097,2024-03-15,2025-03-15,1,data/rentals/rental_agreement_971.pdf
972,Branch-972,Karachi,Lindsey Montgomery,2951348,2024-09-06,2028-09-05,4,data/rentals/rental_agreement_972.pdf
973,Branch-973,Quetta,Chelsea Harmon,515466,2021-09-09,2022-09-09,1,data/rentals/rental_agreement_973.pdf
974,Branch-974,Lahore,Jennifer Mitchell,3024470,2021-04-18,2023-04-18,2,data/rentals/rental_agreement_974.pdf
975,Branch-975,Multan,Travis Padilla,4818748,2024-08-14,2028-08-13,4,data/rentals/rental_agreement_975.pdf
976,Branch-976,Multan,Jason Case,1378714,2021-11-07,2023-11-07,2,data/rentals/rental_agreement_976.pdf
977,Branch-977,Faisalabad,Richard Brennan,3134991,2025-03-24,2029-03-23,4,data/rentals/rental_agreement_977.pdf
978,Branch-978,Multan,Darryl Wilson,2732308,2024-01-09,2027-01-08,3,data/rentals/rental_agreement_978.pdf
979,Branch-979,Multan,Randy Garcia,3723152,2022-01-24,2026-01-23,4,data/rentals/rental_agreement_979.pdf
980,Branch-980,Peshawar,Alisha Rojas,994179,2023-01-09,2026-01-08,3,data/rentals/rental_agreement_980.pdf
981,Branch-981,Lahore,Jacqueline Zamora,1986125,2021-10-07,2022-10-07,1,data/rentals/rental_agreement_981.pdf
982,Branch-982,Karachi,Mrs. Laura Collins,4654480,2022-09-23,2027-09-22,5,data/rentals/rental_agreement_982.pdf
983,Branch-983,Karachi,Patricia Alvarez,3311459,2023-10-30,2026-10-29,3,data/rentals/rental_agreement_983.pdf
984,Branch-984,Karachi,Jeremy Brady,876517,2025-04-30,2029-04-29,4,data/rentals/rental_agreement_984.pdf
985,Branch-985,Faisalabad,Joseph Martinez,4916778,2021-03-19,2023-03-19,2,data/rentals/rental_agreement_985.pdf
986,Branch-986,Karachi,Jeremy Rogers,4384119,2024-10-17,2026-10-17,2,data/rentals/rental_agreement_986.pdf
987,Branch-987,Multan,Yolanda Owens,1011909,2021-02-09,2025-02-08,4,data/rentals/rental_agreement_987.pdf
988,Branch-988,Faisalabad,Angela Woods,1013687,2025-07-07,2027-07-07,2,data/rentals/rental_agreement_988.pdf
989,Branch-989,Quetta,Brian Matthews,2744274,2023-01-24,2026-01-23,3,data/rentals/rental_agreement_989.pdf
990,Branch-990,Lahore,Brian Moreno,3392657,2023-09-28,2027-09-27,4,data/rentals/rental_agreement_990.pdf
991,Branch-991,Faisalabad,Anna Kidd,3116440,2023-12-31,2028-12-29,5,data/rentals/rental_agreement_991.pdf
992,Branch-992,Lahore,Ashlee Mills,1378720,2023-02-24,2027-02-23,4,data/rentals/rental_agreement_992.pdf
993,Branch-993,Faisalabad,Cody Boyer,2322505,2021-04-18,2023-04-18,2,data/rentals/rental_agreement_993.pdf
994,Branch-994,Karachi,Yolanda Brown,1405571,2020-12-07,2022-12-07,2,data/rentals/rental_agreement_994.pdf
995,Branch-995,Islamabad,Tara Garcia,2264718,2023-01-10,2026-01-09,3,data/rentals/rental_agreement_995.pdf
996,Branch-996,Multan,James Leach,1666965,2021-02-23,2025-02-22,4,data/rentals/rental_agreement_996.pdf
997,Branch-997,Faisalabad,Jill Mckinney,2742292,2022-05-17,2023-05-17,1,data/rentals/rental_agreement_997.pdf
998,Branch-998,Peshawar,Chris Singleton,2142273,2025-07-05,2028-07-04,3,data/rentals/rental_agreement_998.pdf
999,Branch-999,Faisalabad,Diana Graham,2582367,2023-07-19,2026-07-18,3,data/rentals/rental_agreement_999.pdf
1000,Branch-1000,Lahore,Phyllis Meyer,4643064,2023-07-07,2028-07-05,5,data/rentals/rental_agreement_1000.pdf
1001,Branch-1001,Islamabad,Anthony Vaughn,4624895,2022-08-06,2023-08-06,1,data/rentals/rental_agreement_1001.pdf
1002,Branch-1002,Quetta,Sharon Valencia,3904357,2022-01-12,2027-01-11,5,data/rentals/rental_agreement_1002.pdf
1003,Branch-1003,Quetta,Margaret Stevenson,3107489,2020-10-31,2023-10-31,3,data/rentals/rental_agreement_1003.pdf
1004,Branch-1004,Faisalabad,Patrick Brown,2875054,2021-02-04,2023-02-04,2,data/rentals/rental_agreement_1004.pdf
1005,Branch-1005,Lahore,Michael Herring,4005214,2021-03-25,2023-03-25,2,data/rentals/rental_agreement_1005.pdf
1006,Branch-1006,Peshawar,Larry Rice,4993147,2021-11-30,2022-11-30,1,data/rentals/rental_agreement_1006.pdf
1007,Branch-1007,Multan,Joshua Hall,972498,2022-04-22,2025-04-21,3,data/rentals/rental_agreement_1007.pdf
1008,Branch-1008,Peshawar,Chloe Dixon,2758786,2022-02-09,2025-02-08,3,data/rentals/rental_agreement_1008.pdf
1009,Branch-1009,Peshawar,Patrick Harris,3201574,2022-12-27,2024-12-26,2,data/rentals/rental_agreement_1009.pdf
1010,Branch-1010,Faisalabad,Tara Roman MD,3407311,2023-01-31,2026-01-30,3,data/rentals/rental_agreement_1010.pdf
1011,Branch-1011,Islamabad,Alicia Hernandez,4283637,2020-12-02,2025-12-01,5,data/rentals/rental_agreement_1011.pdf
1012,Branch-1012,Lahore,Lisa Cruz,1897904,2024-06-09,2025-06-09,1,data/rentals/rental_agreement_1012.pdf
1013,Branch-1013,Faisalabad,Mark Torres,2367319,2024-01-29,2029-01-27,5,data/rentals/rental_agreement_1013.pdf
1014,Branch-1014,Peshawar,Candice Lee,3496685,2021-05-31,2022-05-31,1,data/rentals/rental_agreement_1014.pdf
1015,Branch-1015,Lahore,Michael Wilson,519146,2023-08-27,2026-08-26,3,data/rentals/rental_agreement_1015.pdf
1016,Branch-1016,Multan,Nancy Marshall,2902948,2023-10-20,2025-10-19,2,data/rentals/rental_agreement_1016.pdf
1017,Branch-1017,Peshawar,Catherine Brown,2320154,2023-01-25,2025-01-24,2,data/rentals/rental_agreement_1017.pdf
1018,Branch-1018,Karachi,Mary Barnett,4246263,2025-08-02,2027-08-02,2,data/rentals/rental_agreement_1018.pdf
1019,Branch-1019,Peshawar,Marc Burke,2074618,2023-02-27,2025-02-26,2,data/rentals/rental_agreement_1019.pdf
1020,Branch-1020,Lahore,Steve Robinson,2378256,2025-06-24,2027-06-24,2,data/rentals/rental_agreement_1020.pdf
1021,Branch-1021,Quetta,Gregory Phillips,4579146,2022-04-01,2024-03-31,2,data/rentals/rental_agreement_1021.pdf
1022,Branch-1022,Lahore,Emily Martin,1165722,2025-05-11,2030-05-10,5,data/rentals/rental_agreement_1022.pdf
1023,Branch-1023,Lahore,Kimberly Smith,3947624,2024-06-28,2029-06-27,5,data/rentals/rental_agreement_1023.pdf
1024,Branch-1024,Quetta,Jeffrey Munoz,2542956,2024-05-28,2026-05-28,2,data/rentals/rental_agreement_1024.pdf
1025,Branch-1025,Karachi,Lisa Dean,1926439,2022-10-08,2024-10-07,2,data/rentals/rental_agreement_1025.pdf
1026,Branch-1026,Multan,James Hill,2893941,2025-09-17,2026-09-17,1,data/rentals/rental_agreement_1026.pdf
1027,Branch-1027,Islamabad,William Martin,3998647,2022-07-29,2027-07-28,5,data/rentals/rental_agreement_1027.pdf
1028,Branch-1028,Peshawar,Michelle Payne,2763822,2020-10-30,2024-10-29,4,data/rentals/rental_agreement_1028.pdf
1029,Branch-1029,Faisalabad,Rachel Carter,1309656,2024-08-31,2029-08-30,5,data/rentals/rental_agreement_1029.pdf
1030,Branch-1030,Lahore,Troy English,2947214,2023-09-11,2026-09-10,3,data/rentals/rental_agreement_1030.pdf
1031,Branch-1031,Quetta,Gary Thompson,720771,2023-04-21,2024-04-20,1,data/rentals/rental_agreement_1031.pdf
1032,Branch-1032,Quetta,Carlos Jordan,2814417,2021-07-21,2023-07-21,2,data/rentals/rental_agreement_1032.pdf
1033,Branch-1033,Islamabad,Megan Smith,1493742,2025-03-26,2028-03-25,3,data/rentals/rental_agreement_1033.pdf
1034,Branch-1034,Lahore,Spencer Wheeler,1164431,2025-01-20,2027-01-20,2,data/rentals/rental_agreement_1034.pdf
1035,Branch-1035,Faisalabad,Marc Evans PhD,2697663,2022-02-10,2026-02-09,4,data/rentals/rental_agreement_1035.pdf
1036,Branch-1036,Faisalabad,Tammy Peterson,2385689,2022-11-27,2024-11-26,2,data/rentals/rental_agreement_1036.pdf
1037,Branch-1037,Karachi,Jason Snyder,4317098,2020-12-24,2021-12-24,1,data/rentals/rental_agreement_1037.pdf
1038,Branch-1038,Peshawar,David Long,4252522,2024-08-30,2026-08-30,2,data/rentals/rental_agreement_1038.pdf
1039,Branch-1039,Peshawar,Katie Castro,2694864,2022-12-12,2027-12-11,5,data/rentals/rental_agreement_1039.pdf
1040,Branch-1040,Lahore,Sheila Hampton,2591998,2024-05-09,2028-05-08,4,data/rentals/rental_agreement_1040.pdf
1041,Branch-1041,Peshawar,Hayden Koch,1094153,2021-12-10,2024-12-09,3,data/rentals/rental_agreement_1041.pdf
1042,Branch-1042,Quetta,Karen Young,3392045,2025-03-03,2030-03-02,5,data/rentals/rental_agreement_1042.pdf
1043,Branch-1043,Multan,Matthew Williams,4941287,2021-12-20,2022-12-20,1,data/rentals/rental_agreement_1043.pdf
1044,Branch-1044,Lahore,Benjamin Campbell,2391925,2023-02-01,2027-01-31,4,data/rentals/rental_agreement_1044.pdf
1045,Branch-1045,Lahore,Eric Bautista,3823131,2025-06-19,2030-06-18,5,data/rentals/rental_agreement_1045.pdf
1046,Branch-1046,Peshawar,Matthew Dodson,3915480,2024-10-14,2027-10-14,3,data/rentals/rental_agreement_1046.pdf
1047,Branch-1047,Multan,Mandy Romero,3366416,2022-11-26,2024-11-25,2,data/rentals/rental_agreement_1047.pdf
1048,Branch-1048,Islamabad,Dana Baldwin,1639342,2022-02-08,2027-02-07,5,data/rentals/rental_agreement_1048.pdf
1049,Branch-1049,Islamabad,Sean Phillips,2715569,2024-10-28,2027-10-28,3,data/rentals/rental_agreement_1049.pdf
1050,Branch-1050,Lahore,Micheal Burton,4160854,2024-01-11,2026-01-10,2,data/rentals/rental_agreement_1050.pdf
1051,Branch-1051,Islamabad,Christopher Foster,2813609,2024-12-05,2027-12-05,3,data/rentals/rental_agreement_1051.pdf
1052,Branch-1052,Islamabad,Ryan Mitchell,1657977,2023-03-26,2026-03-25,3,data/rentals/rental_agreement_1052.pdf
1053,Branch-1053,Faisalabad,Megan Bryant,942101,2022-12-12,2023-12-12,1,data/rentals/rental_agreement_1053.pdf
1054,Branch-1054,Quetta,Rebecca Harris,2779492,2024-01-18,2025-01-17,1,data/rentals/rental_agreement_1054.pdf
1055,Branch-1055,Peshawar,Jeffrey King,860027,2024-06-27,2028-06-26,4,data/rentals/rental_agreement_1055.pdf
1056,Branch-1056,Faisalabad,Russell Robinson,2512625,2024-01-17,2029-01-15,5,data/rentals/rental_agreement_1056.pdf
1057,Branch-1057,Peshawar,Virginia Mckinney,862668,2021-04-22,2024-04-21,3,data/rentals/rental_agreement_1057.pdf
1058,Branch-1058,Quetta,Kristin Soto,4707696,2021-04-03,2025-04-02,4,data/rentals/rental_agreement_1058.pdf
1059,Branch-1059,Quetta,Denise Pope,1760541,2022-08-06,2025-08-05,3,data/rentals/rental_agreement_1059.pdf
1060,Branch-1060,Peshawar,Michael Sullivan,3656158,2025-09-17,2029-09-16,4,data/rentals/rental_agreement_1060.pdf
1061,Branch-1061,Faisalabad,Shawn Cantrell,4814969,2022-03-17,2026-03-16,4,data/rentals/rental_agreement_1061.pdf
1062,Branch-1062,Quetta,Sarah Valdez,3037064,2021-03-06,2025-03-05,4,data/rentals/rental_agreement_1062.pdf
1063,Branch-1063,Lahore,Ronnie Durham,3436679,2021-10-01,2025-09-30,4,data/rentals/rental_agreement_1063.pdf
1064,Branch-1064,Faisalabad,Christopher Adams,3349182,2021-09-01,2023-09-01,2,data/rentals/rental_agreement_1064.pdf
1065,Branch-1065,Faisalabad,Rhonda Ball,1359549,2024-08-14,2027-08-14,3,data/rentals/rental_agreement_1065.pdf
1066,Branch-1066,Multan,Robert Rosales,4652726,2024-11-04,2028-11-03,4,data/rentals/rental_agreement_1066.pdf
1067,Branch-1067,Peshawar,Jacob Nelson,551986,2024-10-08,2026-10-08,2,data/rentals/rental_agreement_1067.pdf
1068,Branch-1068,Karachi,Lauren Lara,2704410,2024-03-07,2027-03-07,3,data/rentals/rental_agreement_1068.pdf
1069,Branch-1069,Peshawar,Lindsay Graves,3924941,2022-02-16,2026-02-15,4,data/rentals/rental_agreement_1069.pdf
1070,Branch-1070,Lahore,Patrick Winters,3206928,2022-12-09,2024-12-08,2,data/rentals/rental_agreement_1070.pdf
1071,Branch-1071,Peshawar,Lori Butler,1865461,2021-02-21,2026-02-20,5,data/rentals/rental_agreement_1071.pdf
1072,Branch-1072,Lahore,Savannah Webster,2858792,2025-01-28,2029-01-27,4,data/rentals/rental_agreement_1072.pdf
1073,Branch-1073,Multan,Peggy King,1466277,2024-11-03,2027-11-03,3,data/rentals/rental_agreement_1073.pdf
1074,Branch-1074,Multan,Pamela Powell,1696644,2021-08-13,2025-08-12,4,data/rentals/rental_agreement_1074.pdf
1075,Branch-1075,Faisalabad,Robert Sanchez,2631671,2021-05-31,2024-05-30,3,data/rentals/rental_agreement_1075.pdf
1076,Branch-1076,Islamabad,Vanessa Whitehead,4869663,2020-10-01,2023-10-01,3,data/rentals/rental_agreement_1076.pdf
1077,Branch-1077,Karachi,Steven Mercer,3079042,2021-12-01,2026-11-30,5,data/rentals/rental_agreement_1077.pdf
1078,Branch-1078,Peshawar,Jennifer King,2384091,2021-12-15,2023-12-15,2,data/rentals/rental_agreement_1078.pdf
1079,Branch-1079,Islamabad,Cameron Jones,1531867,2024-06-05,2026-06-05,2,data/rentals/rental_agreement_1079.pdf
1080,Branch-1080,Islamabad,Denise Parker,1528514,2021-11-03,2022-11-03,1,data/rentals/rental_agreement_1080.pdf
1081,Branch-1081,Peshawar,Alan Berry,4194887,2020-12-26,2021-12-26,1,data/rentals/rental_agreement_1081.pdf
1082,Branch-1082,Multan,David Johnson,3932410,2024-09-23,2026-09-23,2,data/rentals/rental_agreement_1082.pdf
1083,Branch-1083,Lahore,Seth Waters,1274530,2025-02-06,2027-02-06,2,data/rentals/rental_agreement_1083.pdf
1084,Branch-1084,Peshawar,Donald Gonzales,4322831,2024-05-18,2026-05-18,2,data/rentals/rental_agreement_1084.pdf
1085,Branch-1085,Quetta,Christina Mclean,4877814,2021-12-29,2025-12-28,4,data/rentals/rental_agreement_1085.pdf
1086,Branch-1086,Faisalabad,Donna Ramos,1932351,2023-12-27,2025-12-26,2,data/rentals/rental_agreement_1086.pdf
1087,Branch-1087,Faisalabad,Aaron Willis,2710102,2022-09-16,2026-09-15,4,data/rentals/rental_agreement_1087.pdf
1088,Branch-1088,Peshawar,Henry Compton,3428560,2021-04-04,2023-04-04,2,data/rentals/rental_agreement_1088.pdf
1089,Branch-1089,Quetta,Ashley Smith,2221930,2021-09-17,2026-09-16,5,data/rentals/rental_agreement_1089.pdf
1090,Branch-1090,Multan,Rachel Scott,4014524,2025-02-03,2026-02-03,1,data/rentals/rental_agreement_1090.pdf
1091,Branch-1091,Lahore,Rachel Campbell,3083756,2022-03-23,2026-03-22,4,data/rentals/rental_agreement_1091.pdf
1092,Branch-1092,Karachi,Sherri Chavez,3283825,2024-07-31,2026-07-31,2,data/rentals/rental_agreement_1092.pdf
1093,Branch-1093,Islamabad,Roy Hodges,3901706,2021-07-23,2025-07-22,4,data/rentals/rental_agreement_1093.pdf
1094,Branch-1094,Islamabad,Vickie Wheeler,4850761,2021-05-10,2026-05-09,5,data/rentals/rental_agreement_1094.pdf
1095,Branch-1095,Peshawar,Joshua Payne,2270384,2022-08-07,2024-08-06,2,data/rentals/rental_agreement_1095.pdf
1096,Branch-1096,Peshawar,Samantha Jenkins,2359237,2023-06-14,2028-06-12,5,data/rentals/rental_agreement_1096.pdf
1097,Branch-1097,Quetta,Diana Henderson,2545995,2023-06-14,2027-06-13,4,data/rentals/rental_agreement_1097.pdf
1098,Branch-1098,Karachi,Kimberly Sanchez,3187536,2023-10-08,2026-10-07,3,data/rentals/rental_agreement_1098.pdf
1099,Branch-1099,Islamabad,Shannon Kelly,3080834,2024-07-03,2029-07-02,5,data/rentals/rental_agreement_1099.pdf
1100,Branch-1100,Multan,Karen Sanchez,2296849,2021-01-17,2022-01-17,1,data/rentals/rental_agreement_1100.pdf
